,Train Loss
0,tensor(3.3139)
1,tensor(1.8024)
2,tensor(2.6429)
3,tensor(2.6074)
4,tensor(2.9560)
5,tensor(1.9095)
6,tensor(2.7578)
7,tensor(2.4097)
8,tensor(2.5496)
9,tensor(2.5392)
10,tensor(3.2712)
11,tensor(1.8789)
12,tensor(3.2331)
13,tensor(3.7427)
14,tensor(2.8245)
15,tensor(2.5729)
16,tensor(1.7137)
17,tensor(3.7808)
18,tensor(3.5023)
19,tensor(2.5904)
20,tensor(2.6679)
21,tensor(3.1046)
22,tensor(2.3427)
23,tensor(2.3646)
24,tensor(3.5776)
25,tensor(3.6742)
26,tensor(2.3993)
27,tensor(3.1563)
28,tensor(2.6467)
29,tensor(3.2249)
30,tensor(3.3963)
31,tensor(3.4902)
32,tensor(3.1835)
33,tensor(3.0061)
34,tensor(2.5814)
35,tensor(2.9065)
36,tensor(2.7014)
37,tensor(2.0084)
38,tensor(2.1362)
39,tensor(2.7743)
40,tensor(2.5447)
41,tensor(3.5358)
42,tensor(3.6063)
43,tensor(3.1786)
44,tensor(2.6681)
45,tensor(3.6084)
46,tensor(2.3269)
47,tensor(2.5504)
48,tensor(2.1806)
49,tensor(2.0246)
50,tensor(3.3191)
51,tensor(2.0449)
52,tensor(2.6150)
53,tensor(2.0336)
54,tensor(2.4867)
55,tensor(2.7823)
56,tensor(4.0850)
57,tensor(4.5735)
58,tensor(1.9254)
59,tensor(4.1765)
60,tensor(2.2529)
61,tensor(2.3915)
62,tensor(3.9291)
63,tensor(2.2098)
64,tensor(3.9236)
65,tensor(4.7712)
66,tensor(2.9784)
67,tensor(3.5451)
68,tensor(2.1302)
69,tensor(2.9347)
70,tensor(3.7052)
71,tensor(2.3910)
72,tensor(2.4340)
73,tensor(2.1576)
74,tensor(2.2158)
75,tensor(2.2078)
76,tensor(2.0117)
77,tensor(2.9860)
78,tensor(4.4392)
79,tensor(2.8257)
80,tensor(1.8003)
81,tensor(4.7974)
82,tensor(4.5072)
83,tensor(3.1834)
84,tensor(3.6520)
85,tensor(2.3573)
86,tensor(2.5767)
87,tensor(3.0187)
88,tensor(1.8405)
89,tensor(3.4542)
90,tensor(2.6886)
91,tensor(3.4783)
92,tensor(3.2607)
93,tensor(2.0536)
94,tensor(2.9395)
95,tensor(3.3311)
96,tensor(2.3414)
97,tensor(2.8411)
98,tensor(3.0744)
99,tensor(2.1341)
100,tensor(2.5501)
101,tensor(2.8605)
102,tensor(3.0408)
103,tensor(3.1139)
104,tensor(2.5706)
105,tensor(2.7182)
106,tensor(3.2833)
107,tensor(3.7112)
108,tensor(3.0303)
109,tensor(4.5021)
110,tensor(5.8075)
111,tensor(2.7661)
112,tensor(2.4430)
113,tensor(2.1684)
114,tensor(2.6455)
115,tensor(2.4821)
116,tensor(4.0407)
117,tensor(3.2395)
118,tensor(1.8479)
119,tensor(2.0789)
120,tensor(1.8902)
121,tensor(1.8753)
122,tensor(3.2599)
123,tensor(3.7337)
124,tensor(2.1396)
125,tensor(2.4027)
126,tensor(3.1675)
127,tensor(2.4774)
128,tensor(5.0539)
129,tensor(3.8455)
130,tensor(3.0509)
131,tensor(3.4955)
132,tensor(2.1432)
133,tensor(2.9007)
134,tensor(4.8541)
135,tensor(2.4415)
136,tensor(3.6906)
137,tensor(2.4105)
138,tensor(4.9863)
139,tensor(3.4643)
140,tensor(2.9274)
141,tensor(2.5456)
142,tensor(2.1409)
143,tensor(4.6848)
144,tensor(2.5048)
145,tensor(4.7416)
146,tensor(2.6551)
147,tensor(3.1831)
148,tensor(2.9303)
149,tensor(1.5990)
150,tensor(2.3422)
151,tensor(3.3385)
152,tensor(4.1699)
153,tensor(3.7365)
154,tensor(1.9437)
155,tensor(2.4495)
156,tensor(4.5050)
157,tensor(2.8833)
158,tensor(2.6751)
159,tensor(2.9839)
160,tensor(2.2400)
161,tensor(3.2149)
162,tensor(3.0216)
163,tensor(2.4608)
164,tensor(3.0091)
165,tensor(2.3316)
166,tensor(4.8769)
167,tensor(3.3517)
168,tensor(2.6656)
169,tensor(2.6715)
170,tensor(4.3029)
171,tensor(2.5565)
172,tensor(2.4841)
173,tensor(2.0956)
174,tensor(3.5942)
175,tensor(2.4067)
176,tensor(3.1156)
177,tensor(2.6410)
178,tensor(2.3948)
179,tensor(2.8591)
180,tensor(2.2155)
181,tensor(3.2493)
182,tensor(3.8095)
183,tensor(2.4010)
184,tensor(3.2019)
185,tensor(2.1112)
186,tensor(2.6768)
187,tensor(2.6882)
188,tensor(2.3029)
189,tensor(2.4466)
190,tensor(2.1205)
191,tensor(2.0571)
192,tensor(2.0219)
193,tensor(4.9317)
194,tensor(4.8158)
195,tensor(2.8974)
196,tensor(2.1904)
197,tensor(3.0027)
198,tensor(3.1785)
199,tensor(2.6821)
200,tensor(2.7121)
201,tensor(3.0963)
202,tensor(3.8403)
203,tensor(2.8445)
204,tensor(4.1664)
205,tensor(3.2152)
206,tensor(2.7548)
207,tensor(2.8157)
208,tensor(2.9502)
209,tensor(2.6119)
210,tensor(2.3701)
211,tensor(2.4977)
212,tensor(3.1313)
213,tensor(4.7107)
214,tensor(1.9754)
215,tensor(2.0367)
216,tensor(2.5164)
217,tensor(2.6030)
218,tensor(3.1926)
219,tensor(2.6670)
220,tensor(3.0597)
221,tensor(2.7913)
222,tensor(2.4873)
223,tensor(3.2964)
224,tensor(2.1376)
225,tensor(3.8286)
226,tensor(3.6903)
227,tensor(3.0769)
228,tensor(3.8609)
229,tensor(3.4279)
230,tensor(2.3684)
231,tensor(2.4748)
232,tensor(2.7258)
233,tensor(2.4784)
234,tensor(1.9997)
235,tensor(4.2232)
236,tensor(3.3663)
237,tensor(4.5564)
238,tensor(3.0773)
239,tensor(2.6364)
240,tensor(2.7620)
241,tensor(5.0739)
242,tensor(2.4545)
243,tensor(3.2052)
244,tensor(2.9492)
245,tensor(2.8281)
246,tensor(2.7651)
247,tensor(2.0466)
248,tensor(4.4114)
249,tensor(2.0998)
250,tensor(2.0116)
251,tensor(4.8266)
252,tensor(3.2431)
253,tensor(2.2242)
254,tensor(2.0322)
255,tensor(3.9551)
256,tensor(2.2215)
257,tensor(3.9853)
258,tensor(2.4534)
259,tensor(2.4539)
260,tensor(2.3241)
261,tensor(2.5687)
262,tensor(2.7952)
263,tensor(3.2738)
264,tensor(2.8486)
265,tensor(1.8627)
266,tensor(3.1574)
267,tensor(1.7977)
268,tensor(2.5715)
269,tensor(2.9253)
270,tensor(2.9279)
271,tensor(2.2585)
272,tensor(1.6674)
273,tensor(2.8022)
274,tensor(4.0348)
275,tensor(3.2242)
276,tensor(3.2233)
277,tensor(3.9038)
278,tensor(3.8048)
279,tensor(2.8536)
280,tensor(2.2493)
281,tensor(2.2346)
282,tensor(3.2162)
283,tensor(1.9047)
284,tensor(3.5229)
285,tensor(2.4817)
286,tensor(2.8253)
287,tensor(4.8443)
288,tensor(2.8128)
289,tensor(1.9708)
290,tensor(2.4074)
291,tensor(3.9213)
292,tensor(2.6646)
293,tensor(2.2086)
294,tensor(2.1692)
295,tensor(2.2688)
296,tensor(2.1213)
297,tensor(2.8652)
298,tensor(3.3218)
299,tensor(2.3303)
300,tensor(3.0927)
301,tensor(2.7610)
302,tensor(1.6284)
303,tensor(3.5324)
304,tensor(3.8147)
305,tensor(1.9157)
306,tensor(2.4410)
307,tensor(2.7607)
308,tensor(2.1094)
309,tensor(1.7245)
310,tensor(2.1467)
311,tensor(2.6703)
312,tensor(1.8096)
313,tensor(2.1951)
314,tensor(2.7442)
315,tensor(2.2797)
316,tensor(4.4030)
317,tensor(1.7701)
318,tensor(5.5203)
319,tensor(2.5346)
320,tensor(3.1669)
321,tensor(2.1088)
322,tensor(2.8905)
323,tensor(2.2632)
324,tensor(3.8271)
325,tensor(2.6721)
326,tensor(3.7713)
327,tensor(3.2802)
328,tensor(5.1969)
329,tensor(2.8998)
330,tensor(4.2647)
331,tensor(4.7527)
332,tensor(3.9721)
333,tensor(3.7430)
334,tensor(1.9072)
335,tensor(1.8844)
336,tensor(1.8819)
337,tensor(2.2631)
338,tensor(4.2267)
339,tensor(3.3234)
340,tensor(2.6031)
341,tensor(2.3678)
342,tensor(2.4279)
343,tensor(2.1291)
344,tensor(3.5197)
345,tensor(2.6586)
346,tensor(2.2422)
347,tensor(2.8435)
348,tensor(3.7397)
349,tensor(4.4485)
350,tensor(4.7870)
351,tensor(2.8484)
352,tensor(2.4390)
353,tensor(1.6249)
354,tensor(2.6575)
355,tensor(3.4376)
356,tensor(3.0948)
357,tensor(3.5421)
358,tensor(2.1702)
359,tensor(2.6037)
360,tensor(3.6904)
361,tensor(2.1188)
362,tensor(3.0134)
363,tensor(2.1152)
364,tensor(4.7999)
365,tensor(4.0231)
366,tensor(2.8583)
367,tensor(3.6653)
368,tensor(3.1083)
369,tensor(2.3755)
370,tensor(3.1515)
371,tensor(1.7533)
372,tensor(2.5118)
373,tensor(2.6195)
374,tensor(3.3321)
375,tensor(3.5362)
376,tensor(2.6077)
377,tensor(5.0958)
378,tensor(2.6915)
379,tensor(3.4005)
380,tensor(3.7945)
381,tensor(2.4383)
382,tensor(3.2487)
383,tensor(2.5744)
384,tensor(3.2901)
385,tensor(2.5758)
386,tensor(2.1862)
387,tensor(3.8287)
388,tensor(2.1344)
389,tensor(2.7624)
390,tensor(1.7947)
391,tensor(2.2192)
392,tensor(4.0026)
393,tensor(4.0311)
394,tensor(2.6626)
395,tensor(3.3530)
396,tensor(4.1893)
397,tensor(2.3605)
398,tensor(1.9978)
399,tensor(3.2007)
400,tensor(2.0089)
401,tensor(2.3347)
402,tensor(3.4062)
403,tensor(2.5574)
404,tensor(3.3820)
405,tensor(2.5509)
406,tensor(2.4351)
407,tensor(2.5623)
408,tensor(2.6012)
409,tensor(2.5741)
410,tensor(3.2060)
411,tensor(3.3616)
412,tensor(3.0049)
413,tensor(2.6703)
414,tensor(2.2007)
415,tensor(2.3292)
416,tensor(3.6394)
417,tensor(4.8548)
418,tensor(2.2145)
419,tensor(4.0009)
420,tensor(2.5767)
421,tensor(2.7815)
422,tensor(2.4371)
423,tensor(2.7607)
424,tensor(3.5695)
425,tensor(4.9147)
426,tensor(3.4967)
427,tensor(3.0662)
428,tensor(3.2033)
429,tensor(5.3096)
430,tensor(3.2092)
431,tensor(2.5847)
432,tensor(2.5256)
433,tensor(2.2041)
434,tensor(3.9035)
435,tensor(3.3165)
436,tensor(2.8552)
437,tensor(2.6845)
438,tensor(2.5890)
439,tensor(3.9509)
440,tensor(2.2249)
441,tensor(3.1029)
442,tensor(2.2486)
443,tensor(2.0828)
444,tensor(4.1441)
445,tensor(2.0588)
446,tensor(5.5905)
447,tensor(2.8470)
448,tensor(2.7985)
449,tensor(2.0183)
450,tensor(3.9688)
451,tensor(1.7492)
452,tensor(3.0518)
453,tensor(2.5393)
454,tensor(2.3273)
455,tensor(2.4982)
456,tensor(3.6281)
457,tensor(2.2129)
458,tensor(4.2273)
459,tensor(3.9852)
460,tensor(3.0759)
461,tensor(1.9553)
462,tensor(3.9040)
463,tensor(2.8106)
464,tensor(3.4565)
465,tensor(2.7048)
466,tensor(2.6444)
467,tensor(2.1695)
468,tensor(4.5357)
469,tensor(4.8639)
470,tensor(3.2353)
471,tensor(2.4895)
472,tensor(3.8569)
473,tensor(2.3522)
474,tensor(5.0256)
475,tensor(2.3779)
476,tensor(2.2049)
477,tensor(3.5342)
478,tensor(4.2876)
479,tensor(2.9695)
480,tensor(2.6653)
481,tensor(2.4782)
482,tensor(3.1820)
483,tensor(3.1579)
484,tensor(2.4676)
485,tensor(2.4036)
486,tensor(2.3101)
487,tensor(2.6997)
488,tensor(2.4649)
489,tensor(2.6529)
490,tensor(2.5846)
491,tensor(2.8728)
492,tensor(4.8119)
493,tensor(2.7850)
494,tensor(1.8060)
495,tensor(1.8158)
496,tensor(1.8276)
497,tensor(2.7276)
498,tensor(3.2085)
499,tensor(3.1952)
500,tensor(2.5302)
501,tensor(2.7729)
502,tensor(3.5881)
503,tensor(1.9317)
504,tensor(3.1400)
505,tensor(2.8133)
506,tensor(2.5950)
507,tensor(4.0673)
508,tensor(1.7546)
509,tensor(2.3568)
510,tensor(2.2196)
511,tensor(3.6262)
512,tensor(2.9681)
513,tensor(3.4639)
514,tensor(2.7098)
515,tensor(3.4236)
516,tensor(4.4676)
517,tensor(2.6185)
518,tensor(2.0934)
519,tensor(2.4175)
520,tensor(1.9716)
521,tensor(2.3300)
522,tensor(2.4197)
523,tensor(2.5609)
524,tensor(2.6663)
525,tensor(3.3016)
526,tensor(3.6109)
527,tensor(3.3568)
528,tensor(2.0908)
529,tensor(3.7573)
530,tensor(3.3617)
531,tensor(4.0170)
532,tensor(1.5604)
533,tensor(2.6954)
534,tensor(2.5902)
535,tensor(3.0503)
536,tensor(3.2297)
537,tensor(3.1007)
538,tensor(2.7940)
539,tensor(2.7221)
540,tensor(2.0949)
541,tensor(3.5710)
542,tensor(2.0613)
543,tensor(2.9590)
544,tensor(4.1544)
545,tensor(2.4301)
546,tensor(3.3522)
547,tensor(3.9427)
548,tensor(2.9067)
549,tensor(1.8808)
550,tensor(2.4098)
551,tensor(1.6295)
552,tensor(3.3285)
553,tensor(3.0380)
554,tensor(4.0309)
555,tensor(1.6202)
556,tensor(2.0491)
557,tensor(2.1870)
558,tensor(4.3222)
559,tensor(2.9571)
560,tensor(2.9972)
561,tensor(1.9193)
562,tensor(2.2128)
563,tensor(2.6294)
564,tensor(2.6247)
565,tensor(1.9709)
566,tensor(2.7461)
567,tensor(3.5018)
568,tensor(2.1893)
569,tensor(2.7139)
570,tensor(3.1579)
571,tensor(3.3394)
572,tensor(2.2373)
573,tensor(3.6186)
574,tensor(2.1428)
575,tensor(2.8113)
576,tensor(3.0416)
577,tensor(2.1837)
578,tensor(2.8691)
579,tensor(1.9315)
580,tensor(2.2947)
581,tensor(3.8236)
582,tensor(2.7526)
583,tensor(2.9203)
584,tensor(2.7942)
585,tensor(3.3446)
586,tensor(2.3129)
587,tensor(2.6072)
588,tensor(3.2559)
589,tensor(1.8778)
590,tensor(3.3932)
591,tensor(4.6574)
592,tensor(3.1333)
593,tensor(4.0922)
594,tensor(2.4129)
595,tensor(4.2021)
596,tensor(2.8582)
597,tensor(2.1024)
598,tensor(2.2379)
599,tensor(3.6560)
600,tensor(3.1847)
601,tensor(3.6988)
602,tensor(1.9785)
603,tensor(3.7679)
604,tensor(2.6997)
605,tensor(2.6073)
606,tensor(2.5918)
607,tensor(2.3567)
608,tensor(3.4532)
609,tensor(2.1412)
610,tensor(2.2732)
611,tensor(2.3339)
612,tensor(1.9785)
613,tensor(2.1267)
614,tensor(3.4848)
615,tensor(1.9422)
616,tensor(1.9921)
617,tensor(2.6740)
618,tensor(4.7933)
619,tensor(3.0043)
620,tensor(3.4633)
621,tensor(2.5558)
622,tensor(2.6149)
623,tensor(2.8256)
624,tensor(3.2394)
625,tensor(4.7542)
626,tensor(2.9925)
627,tensor(3.5463)
628,tensor(2.4836)
629,tensor(3.3964)
630,tensor(2.9486)
631,tensor(2.5620)
632,tensor(3.1742)
633,tensor(2.1912)
634,tensor(2.7289)
635,tensor(2.7224)
636,tensor(2.7767)
637,tensor(4.1985)
638,tensor(3.2000)
639,tensor(2.7578)
640,tensor(3.6090)
641,tensor(1.8866)
642,tensor(2.6486)
643,tensor(4.4130)
644,tensor(3.5972)
645,tensor(2.3637)
646,tensor(2.2768)
647,tensor(2.1214)
648,tensor(2.2959)
649,tensor(2.5067)
650,tensor(3.1758)
651,tensor(3.7688)
652,tensor(2.3241)
653,tensor(3.1576)
654,tensor(2.3565)
655,tensor(3.5168)
656,tensor(2.6245)
657,tensor(4.0175)
658,tensor(3.5115)
659,tensor(4.1934)
660,tensor(2.2617)
661,tensor(1.5115)
662,tensor(2.5453)
663,tensor(3.0657)
664,tensor(2.9949)
665,tensor(3.0457)
666,tensor(3.2150)
667,tensor(2.2960)
668,tensor(2.8724)
669,tensor(2.7008)
670,tensor(2.5832)
671,tensor(2.1461)
672,tensor(2.8766)
673,tensor(4.0382)
674,tensor(3.2121)
675,tensor(2.3631)
676,tensor(3.4487)
677,tensor(2.6576)
678,tensor(2.4384)
679,tensor(3.3587)
680,tensor(3.0014)
681,tensor(4.1081)
682,tensor(2.8497)
683,tensor(3.4969)
684,tensor(2.9551)
685,tensor(2.4968)
686,tensor(3.1952)
687,tensor(2.5165)
688,tensor(2.3087)
689,tensor(1.9484)
690,tensor(2.4800)
691,tensor(2.6422)
692,tensor(2.3583)
693,tensor(2.6584)
694,tensor(2.0799)
695,tensor(2.6308)
696,tensor(2.0437)
697,tensor(4.2990)
698,tensor(4.3547)
699,tensor(1.8669)
700,tensor(2.7677)
701,tensor(2.9693)
702,tensor(3.6251)
703,tensor(3.6373)
704,tensor(2.7073)
705,tensor(2.7605)
706,tensor(3.0512)
707,tensor(3.4500)
708,tensor(4.1032)
709,tensor(1.8224)
710,tensor(5.5521)
711,tensor(2.7820)
712,tensor(3.1681)
713,tensor(2.2076)
714,tensor(4.7157)
715,tensor(2.7216)
716,tensor(2.0531)
717,tensor(2.3197)
718,tensor(3.7692)
719,tensor(4.6868)
720,tensor(2.4963)
721,tensor(3.0739)
722,tensor(3.6276)
723,tensor(2.4103)
724,tensor(4.5334)
725,tensor(4.1302)
726,tensor(3.5183)
727,tensor(2.3892)
728,tensor(1.7197)
729,tensor(2.7752)
730,tensor(2.1291)
731,tensor(2.3332)
732,tensor(2.6795)
733,tensor(5.0869)
734,tensor(2.3896)
735,tensor(3.5132)
736,tensor(1.6749)
737,tensor(2.2224)
738,tensor(2.7338)
739,tensor(2.3678)
740,tensor(2.0713)
741,tensor(3.1297)
742,tensor(3.1580)
743,tensor(2.5099)
744,tensor(3.8368)
745,tensor(2.2889)
746,tensor(2.2147)
747,tensor(2.5536)
748,tensor(2.3585)
749,tensor(3.0693)
750,tensor(2.1373)
751,tensor(3.2810)
752,tensor(2.3367)
753,tensor(3.3790)
754,tensor(5.1177)
755,tensor(4.4395)
756,tensor(3.0112)
757,tensor(2.1817)
758,tensor(2.7168)
759,tensor(2.2833)
760,tensor(3.3723)
761,tensor(2.9543)
762,tensor(3.3110)
763,tensor(3.3626)
764,tensor(3.2959)
765,tensor(3.1490)
766,tensor(2.5654)
767,tensor(3.3815)
768,tensor(3.3029)
769,tensor(3.7449)
770,tensor(2.6189)
771,tensor(3.2840)
772,tensor(3.7881)
773,tensor(1.8419)
774,tensor(3.8593)
775,tensor(3.0021)
776,tensor(2.8010)
777,tensor(2.2399)
778,tensor(3.5217)
779,tensor(2.5236)
780,tensor(2.6027)
781,tensor(2.5244)
782,tensor(1.9243)
783,tensor(3.1193)
784,tensor(5.6940)
785,tensor(3.7052)
786,tensor(3.3584)
787,tensor(2.1537)
788,tensor(2.5619)
789,tensor(3.1567)
790,tensor(5.0581)
791,tensor(4.6723)
792,tensor(1.9631)
793,tensor(2.5523)
794,tensor(2.9880)
795,tensor(3.5074)
796,tensor(3.4358)
797,tensor(2.9642)
798,tensor(2.6168)
799,tensor(2.0268)
800,tensor(2.2490)
801,tensor(3.6147)
802,tensor(2.1140)
803,tensor(3.2587)
804,tensor(2.5075)
805,tensor(4.3692)
806,tensor(3.6356)
807,tensor(3.3154)
808,tensor(2.5755)
809,tensor(3.3394)
810,tensor(3.4002)
811,tensor(2.5637)
812,tensor(3.7071)
813,tensor(2.3874)
814,tensor(2.6327)
815,tensor(3.1748)
816,tensor(2.2434)
817,tensor(3.3835)
818,tensor(3.5101)
819,tensor(2.4164)
820,tensor(4.1964)
821,tensor(3.6242)
822,tensor(2.9177)
823,tensor(3.4270)
824,tensor(3.2563)
825,tensor(4.0131)
826,tensor(2.5885)
827,tensor(2.5469)
828,tensor(3.2791)
829,tensor(2.1491)
830,tensor(3.2443)
831,tensor(2.5983)
832,tensor(4.6697)
833,tensor(3.4253)
834,tensor(2.5454)
835,tensor(2.6813)
836,tensor(2.6919)
837,tensor(3.8511)
838,tensor(3.6021)
839,tensor(3.8517)
840,tensor(3.1643)
841,tensor(2.0480)
842,tensor(2.6302)
843,tensor(2.9241)
844,tensor(2.2770)
845,tensor(2.6874)
846,tensor(2.2737)
847,tensor(2.6625)
848,tensor(4.4300)
849,tensor(2.9056)
850,tensor(1.9130)
851,tensor(4.4299)
852,tensor(2.0312)
853,tensor(3.0478)
854,tensor(1.9119)
855,tensor(2.5892)
856,tensor(2.7844)
857,tensor(1.8805)
858,tensor(3.1629)
859,tensor(2.8026)
860,tensor(4.2461)
861,tensor(3.3372)
862,tensor(3.0064)
863,tensor(3.4757)
864,tensor(2.3418)
865,tensor(2.8218)
866,tensor(2.2673)
867,tensor(2.7623)
868,tensor(2.5012)
869,tensor(2.7190)
870,tensor(2.4360)
871,tensor(3.7165)
872,tensor(1.9937)
873,tensor(3.7799)
874,tensor(2.1389)
875,tensor(2.2500)
876,tensor(3.2455)
877,tensor(3.1930)
878,tensor(2.8262)
879,tensor(2.7369)
880,tensor(2.3363)
881,tensor(2.7640)
882,tensor(3.4134)
883,tensor(2.4429)
884,tensor(2.7154)
885,tensor(2.3857)
886,tensor(5.0154)
887,tensor(4.0463)
888,tensor(3.0322)
889,tensor(2.5847)
890,tensor(2.3446)
891,tensor(2.4429)
892,tensor(2.6526)
893,tensor(3.2145)
894,tensor(2.9267)
895,tensor(3.4000)
896,tensor(3.4082)
897,tensor(3.1831)
898,tensor(2.0628)
899,tensor(2.7601)
900,tensor(3.0886)
901,tensor(2.8643)
902,tensor(2.3868)
903,tensor(3.3693)
904,tensor(2.5479)
905,tensor(3.1618)
906,tensor(1.7646)
907,tensor(2.9635)
908,tensor(3.1733)
909,tensor(2.2629)
910,tensor(2.9291)
911,tensor(3.3994)
912,tensor(2.4578)
913,tensor(2.1648)
914,tensor(4.4122)
915,tensor(4.0223)
916,tensor(5.0662)
917,tensor(2.1345)
918,tensor(2.9517)
919,tensor(5.2423)
920,tensor(3.7703)
921,tensor(3.6407)
922,tensor(2.0108)
923,tensor(3.6576)
924,tensor(3.3017)
925,tensor(2.2346)
926,tensor(4.1461)
927,tensor(4.5023)
928,tensor(2.0629)
929,tensor(2.1644)
930,tensor(3.3417)
931,tensor(2.1389)
932,tensor(3.1886)
933,tensor(4.3417)
934,tensor(2.2959)
935,tensor(3.0805)
936,tensor(4.9005)
937,tensor(1.7863)
938,tensor(2.2132)
939,tensor(5.0910)
940,tensor(3.0594)
941,tensor(3.5267)
942,tensor(2.5505)
943,tensor(3.2404)
944,tensor(5.3760)
945,tensor(2.6555)
946,tensor(2.5433)
947,tensor(2.2354)
948,tensor(2.1697)
949,tensor(2.9419)
950,tensor(2.7191)
951,tensor(1.9201)
952,tensor(2.5998)
953,tensor(2.6843)
954,tensor(3.6601)
955,tensor(2.7211)
956,tensor(3.1121)
957,tensor(3.9259)
958,tensor(3.0129)
959,tensor(2.9489)
960,tensor(2.5136)
961,tensor(2.3745)
962,tensor(2.7433)
963,tensor(2.7773)
964,tensor(2.6715)
965,tensor(2.4661)
966,tensor(2.0240)
967,tensor(2.7227)
968,tensor(2.6429)
969,tensor(2.7262)
970,tensor(6.5879)
971,tensor(2.1026)
972,tensor(2.7922)
973,tensor(2.3668)
974,tensor(2.5831)
975,tensor(3.0658)
976,tensor(6.1948)
977,tensor(3.4735)
978,tensor(2.7240)
979,tensor(4.4479)
980,tensor(2.0278)
981,tensor(4.4497)
982,tensor(3.7394)
983,tensor(4.3831)
984,tensor(3.6037)
985,tensor(2.1672)
986,tensor(3.4250)
987,tensor(3.2272)
988,tensor(3.1633)
989,tensor(4.0621)
990,tensor(3.1406)
991,tensor(1.8101)
992,tensor(3.8673)
993,tensor(3.3014)
994,tensor(2.1907)
995,tensor(2.9819)
996,tensor(2.4121)
997,tensor(2.9765)
998,tensor(2.1347)
999,tensor(3.4657)
1000,tensor(2.6919)
1001,tensor(4.4513)
1002,tensor(4.5837)
1003,tensor(3.9181)
1004,tensor(5.8728)
1005,tensor(5.0325)
1006,tensor(3.3773)
1007,tensor(4.4681)
1008,tensor(3.2964)
1009,tensor(3.8419)
1010,tensor(4.0854)
1011,tensor(2.4537)
1012,tensor(3.9239)
1013,tensor(2.6052)
1014,tensor(3.1426)
1015,tensor(1.9652)
1016,tensor(3.4099)
1017,tensor(2.4530)
1018,tensor(2.2021)
1019,tensor(2.4699)
1020,tensor(3.1988)
1021,tensor(3.9302)
1022,tensor(2.9437)
1023,tensor(2.4102)
1024,tensor(3.8027)
1025,tensor(2.7629)
1026,tensor(2.4581)
1027,tensor(4.0402)
1028,tensor(3.5184)
1029,tensor(3.5589)
1030,tensor(2.3473)
1031,tensor(1.8936)
1032,tensor(2.6251)
1033,tensor(5.0915)
1034,tensor(3.3884)
1035,tensor(2.8056)
1036,tensor(3.5992)
1037,tensor(4.6406)
1038,tensor(3.9193)
1039,tensor(2.4663)
1040,tensor(3.3727)
1041,tensor(3.2433)
1042,tensor(2.0848)
1043,tensor(2.4786)
1044,tensor(2.9691)
1045,tensor(3.1634)
1046,tensor(2.0332)
1047,tensor(2.9029)
1048,tensor(2.9169)
1049,tensor(2.1942)
1050,tensor(2.4675)
1051,tensor(2.5016)
1052,tensor(4.0281)
1053,tensor(1.9615)
1054,tensor(3.8815)
1055,tensor(2.9783)
1056,tensor(1.7027)
1057,tensor(3.0087)
1058,tensor(3.0842)
1059,tensor(3.1079)
1060,tensor(3.0591)
1061,tensor(3.0228)
1062,tensor(4.1080)
1063,tensor(5.2348)
1064,tensor(2.7188)
1065,tensor(6.4510)
1066,tensor(2.9846)
1067,tensor(4.9195)
1068,tensor(4.8827)
1069,tensor(2.0204)
1070,tensor(2.4847)
1071,tensor(2.4583)
1072,tensor(2.8922)
1073,tensor(2.0068)
1074,tensor(6.1719)
1075,tensor(3.0730)
1076,tensor(2.8841)
1077,tensor(3.4710)
1078,tensor(1.9439)
1079,tensor(4.6911)
1080,tensor(4.9629)
1081,tensor(2.0678)
1082,tensor(2.5081)
1083,tensor(3.1828)
1084,tensor(3.5885)
1085,tensor(4.3269)
1086,tensor(3.9645)
1087,tensor(2.2788)
1088,tensor(3.2287)
1089,tensor(2.4542)
1090,tensor(2.2989)
1091,tensor(3.5700)
1092,tensor(2.0794)
1093,tensor(2.8749)
1094,tensor(3.9323)
1095,tensor(2.8527)
1096,tensor(4.7676)
1097,tensor(2.9561)
1098,tensor(5.8530)
1099,tensor(2.6688)
1100,tensor(2.5853)
1101,tensor(2.1410)
1102,tensor(3.8040)
1103,tensor(3.0276)
1104,tensor(2.6932)
1105,tensor(2.6792)
1106,tensor(2.6585)
1107,tensor(2.5663)
1108,tensor(2.4017)
1109,tensor(2.6123)
1110,tensor(1.9314)
1111,tensor(2.5505)
1112,tensor(3.6132)
1113,tensor(2.2102)
1114,tensor(2.8067)
1115,tensor(2.7953)
1116,tensor(2.9734)
1117,tensor(2.3976)
1118,tensor(2.9432)
1119,tensor(3.1443)
1120,tensor(3.4029)
1121,tensor(4.0310)
1122,tensor(6.3278)
1123,tensor(2.6909)
1124,tensor(2.6439)
1125,tensor(4.5010)
1126,tensor(2.4625)
1127,tensor(2.5220)
1128,tensor(2.6982)
1129,tensor(3.4626)
1130,tensor(3.2372)
1131,tensor(3.3798)
1132,tensor(2.0792)
1133,tensor(2.4756)
1134,tensor(2.6589)
1135,tensor(2.8128)
1136,tensor(1.9155)
1137,tensor(2.9537)
1138,tensor(2.0951)
1139,tensor(1.9129)
1140,tensor(2.5261)
1141,tensor(3.1185)
1142,tensor(2.7728)
1143,tensor(4.1269)
1144,tensor(2.1620)
1145,tensor(2.1897)
1146,tensor(3.8850)
1147,tensor(3.1404)
1148,tensor(4.4030)
1149,tensor(3.1857)
1150,tensor(2.7797)
1151,tensor(1.8762)
1152,tensor(2.5018)
1153,tensor(3.8041)
1154,tensor(3.3806)
1155,tensor(3.6472)
1156,tensor(3.4023)
1157,tensor(2.3570)
1158,tensor(2.8085)
1159,tensor(4.7644)
1160,tensor(1.9622)
1161,tensor(4.5291)
1162,tensor(3.5005)
1163,tensor(2.4877)
1164,tensor(2.7939)
1165,tensor(2.7110)
1166,tensor(4.3278)
1167,tensor(3.0195)
1168,tensor(3.7548)
1169,tensor(2.0157)
1170,tensor(6.1296)
1171,tensor(2.8040)
1172,tensor(3.6981)
1173,tensor(2.2875)
1174,tensor(3.8367)
1175,tensor(2.2119)
1176,tensor(2.0410)
1177,tensor(3.0528)
1178,tensor(1.7469)
1179,tensor(5.0084)
1180,tensor(3.5185)
1181,tensor(2.2345)
1182,tensor(3.4231)
1183,tensor(2.9240)
1184,tensor(2.2245)
1185,tensor(2.7439)
1186,tensor(2.6302)
1187,tensor(2.8140)
1188,tensor(4.0824)
1189,tensor(4.0746)
1190,tensor(1.9590)
1191,tensor(3.9236)
1192,tensor(3.0104)
1193,tensor(2.3115)
1194,tensor(2.6384)
1195,tensor(3.1052)
1196,tensor(1.8525)
1197,tensor(2.9113)
1198,tensor(3.2373)
1199,tensor(2.6507)
1200,tensor(2.5197)
1201,tensor(2.0376)
1202,tensor(2.6898)
1203,tensor(2.7115)
1204,tensor(3.6670)
1205,tensor(3.7292)
1206,tensor(3.2215)
1207,tensor(2.9588)
1208,tensor(1.6824)
1209,tensor(3.4524)
1210,tensor(2.0079)
1211,tensor(3.8942)
1212,tensor(2.2668)
1213,tensor(2.5724)
1214,tensor(2.7158)
1215,tensor(2.9347)
1216,tensor(3.2609)
1217,tensor(3.0099)
1218,tensor(2.8850)
1219,tensor(3.8480)
1220,tensor(2.0489)
1221,tensor(2.7962)
1222,tensor(4.0691)
1223,tensor(2.9152)
1224,tensor(2.4074)
1225,tensor(3.7781)
1226,tensor(2.2063)
1227,tensor(3.4179)
1228,tensor(2.9476)
1229,tensor(2.3483)
1230,tensor(3.9394)
1231,tensor(5.8717)
1232,tensor(3.9924)
1233,tensor(3.6281)
1234,tensor(2.9625)
1235,tensor(2.5770)
1236,tensor(3.8762)
1237,tensor(3.4636)
1238,tensor(2.6597)
1239,tensor(2.4155)
1240,tensor(5.0283)
1241,tensor(3.0725)
1242,tensor(2.4939)
1243,tensor(2.7721)
1244,tensor(3.2245)
1245,tensor(1.7355)
1246,tensor(4.6046)
1247,tensor(3.3150)
1248,tensor(2.7580)
1249,tensor(2.5886)
1250,tensor(3.1151)
1251,tensor(3.1203)
1252,tensor(2.1787)
1253,tensor(2.2392)
1254,tensor(1.6908)
1255,tensor(2.9751)
1256,tensor(3.8344)
1257,tensor(2.4573)
1258,tensor(2.3641)
1259,tensor(2.2797)
1260,tensor(3.4907)
1261,tensor(2.4887)
1262,tensor(2.1762)
1263,tensor(2.3290)
1264,tensor(3.0411)
1265,tensor(4.6954)
1266,tensor(2.9281)
1267,tensor(1.8425)
1268,tensor(3.2037)
1269,tensor(3.0177)
1270,tensor(1.6630)
1271,tensor(2.3684)
1272,tensor(3.4854)
1273,tensor(2.2437)
1274,tensor(2.4042)
1275,tensor(2.7727)
1276,tensor(2.5521)
1277,tensor(3.2187)
1278,tensor(6.5648)
1279,tensor(2.7474)
1280,tensor(4.5456)
1281,tensor(1.9495)
1282,tensor(1.8055)
1283,tensor(3.1838)
1284,tensor(2.3061)
1285,tensor(3.2409)
1286,tensor(3.0311)
1287,tensor(3.0948)
1288,tensor(2.2234)
1289,tensor(3.0041)
1290,tensor(2.1632)
1291,tensor(3.2735)
1292,tensor(2.1189)
1293,tensor(2.9197)
1294,tensor(1.6038)
1295,tensor(2.1397)
1296,tensor(3.2339)
1297,tensor(3.9364)
1298,tensor(2.2043)
1299,tensor(2.8397)
1300,tensor(4.1175)
1301,tensor(3.0610)
1302,tensor(3.0426)
1303,tensor(2.3509)
1304,tensor(2.4030)
1305,tensor(4.1677)
1306,tensor(1.8152)
1307,tensor(4.6514)
1308,tensor(3.0627)
1309,tensor(2.3737)
1310,tensor(3.2911)
1311,tensor(1.6335)
1312,tensor(2.2769)
1313,tensor(2.1460)
1314,tensor(2.3694)
1315,tensor(2.9455)
1316,tensor(3.2795)
1317,tensor(2.9536)
1318,tensor(3.4655)
1319,tensor(3.3969)
1320,tensor(2.0521)
1321,tensor(6.6673)
1322,tensor(3.9645)
1323,tensor(3.0280)
1324,tensor(3.4743)
1325,tensor(2.4870)
1326,tensor(4.4787)
1327,tensor(3.0806)
1328,tensor(3.9965)
1329,tensor(4.0336)
1330,tensor(2.4447)
1331,tensor(3.0385)
1332,tensor(2.6765)
1333,tensor(3.4784)
1334,tensor(3.4151)
1335,tensor(5.1439)
1336,tensor(4.0680)
1337,tensor(2.3100)
1338,tensor(2.4395)
1339,tensor(3.4159)
1340,tensor(3.4545)
1341,tensor(3.2012)
1342,tensor(2.9738)
1343,tensor(2.3570)
1344,tensor(3.1822)
1345,tensor(2.6671)
1346,tensor(3.7236)
1347,tensor(2.1454)
1348,tensor(1.9692)
1349,tensor(2.4091)
1350,tensor(2.4187)
1351,tensor(2.1891)
1352,tensor(2.5503)
1353,tensor(3.4558)
1354,tensor(4.1196)
1355,tensor(3.3929)
1356,tensor(5.5722)
1357,tensor(3.2316)
1358,tensor(3.4106)
1359,tensor(2.8819)
1360,tensor(3.4822)
1361,tensor(1.9743)
1362,tensor(2.1630)
1363,tensor(2.8509)
1364,tensor(2.7039)
1365,tensor(3.7380)
1366,tensor(3.6520)
1367,tensor(3.2871)
1368,tensor(2.2207)
1369,tensor(3.7887)
1370,tensor(2.6573)
1371,tensor(4.6607)
1372,tensor(3.0248)
1373,tensor(2.0548)
1374,tensor(3.8524)
1375,tensor(3.4860)
1376,tensor(6.5069)
1377,tensor(3.4517)
1378,tensor(2.4859)
1379,tensor(2.1516)
1380,tensor(2.7363)
1381,tensor(3.9036)
1382,tensor(2.9288)
1383,tensor(2.6830)
1384,tensor(2.6289)
1385,tensor(3.2746)
1386,tensor(2.9441)
1387,tensor(2.0683)
1388,tensor(2.5897)
1389,tensor(2.8459)
1390,tensor(3.1811)
1391,tensor(3.2362)
1392,tensor(3.7470)
1393,tensor(2.6655)
1394,tensor(3.7686)
1395,tensor(2.6084)
1396,tensor(2.9383)
1397,tensor(1.9529)
1398,tensor(2.5482)
1399,tensor(2.2027)
1400,tensor(2.3416)
1401,tensor(2.3672)
1402,tensor(2.1757)
1403,tensor(2.6366)
1404,tensor(5.0447)
1405,tensor(2.5316)
1406,tensor(1.7034)
1407,tensor(1.7248)
1408,tensor(3.1652)
1409,tensor(2.8676)
1410,tensor(1.9585)
1411,tensor(5.0957)
1412,tensor(2.3493)
1413,tensor(2.1592)
1414,tensor(2.9784)
1415,tensor(2.4737)
1416,tensor(3.3688)
1417,tensor(2.6059)
1418,tensor(3.3568)
1419,tensor(2.8857)
1420,tensor(2.3693)
1421,tensor(3.4262)
1422,tensor(2.7990)
1423,tensor(2.6463)
1424,tensor(4.4615)
1425,tensor(3.0411)
1426,tensor(2.4604)
1427,tensor(2.7190)
1428,tensor(3.1054)
1429,tensor(2.5511)
1430,tensor(3.4773)
1431,tensor(2.5179)
1432,tensor(2.0387)
1433,tensor(2.4293)
1434,tensor(3.8804)
1435,tensor(5.3526)
1436,tensor(3.1464)
1437,tensor(2.0077)
1438,tensor(1.7153)
1439,tensor(2.8028)
1440,tensor(3.1666)
1441,tensor(2.7305)
1442,tensor(3.0083)
1443,tensor(1.8721)
1444,tensor(3.7127)
1445,tensor(2.3412)
1446,tensor(3.7159)
1447,tensor(2.6591)
1448,tensor(2.6974)
1449,tensor(3.1096)
1450,tensor(1.8548)
1451,tensor(2.7353)
1452,tensor(4.9773)
1453,tensor(3.4357)
1454,tensor(6.3826)
1455,tensor(3.8886)
1456,tensor(2.6532)
1457,tensor(2.0915)
1458,tensor(2.5345)
1459,tensor(2.9584)
1460,tensor(3.4298)
1461,tensor(2.6277)
1462,tensor(2.5415)
1463,tensor(2.8467)
1464,tensor(3.2934)
1465,tensor(1.9913)
1466,tensor(3.0756)
1467,tensor(4.0316)
1468,tensor(2.9952)
1469,tensor(3.6287)
1470,tensor(2.6626)
1471,tensor(4.8502)
1472,tensor(3.6237)
1473,tensor(4.0972)
1474,tensor(2.2224)
1475,tensor(2.6157)
1476,tensor(2.4099)
1477,tensor(3.5243)
1478,tensor(3.9716)
1479,tensor(2.9579)
1480,tensor(3.8887)
1481,tensor(2.5570)
1482,tensor(3.4516)
1483,tensor(2.7216)
1484,tensor(3.1060)
1485,tensor(2.9318)
1486,tensor(2.8840)
1487,tensor(2.0887)
1488,tensor(2.5047)
1489,tensor(2.9888)
1490,tensor(3.4202)
1491,tensor(2.3254)
1492,tensor(2.9389)
1493,tensor(2.7935)
1494,tensor(4.1028)
1495,tensor(2.0906)
1496,tensor(2.7307)
1497,tensor(4.7353)
1498,tensor(3.0311)
1499,tensor(2.8164)
1500,tensor(2.5148)
1501,tensor(3.7725)
1502,tensor(3.7448)
1503,tensor(2.3854)
1504,tensor(2.9003)
1505,tensor(3.3872)
1506,tensor(2.1226)
1507,tensor(3.8198)
1508,tensor(4.9619)
1509,tensor(3.1251)
1510,tensor(2.9773)
1511,tensor(1.7679)
1512,tensor(2.1830)
1513,tensor(3.5715)
1514,tensor(4.4876)
1515,tensor(3.9281)
1516,tensor(3.0483)
1517,tensor(2.6748)
1518,tensor(2.7599)
1519,tensor(2.5424)
1520,tensor(2.0708)
1521,tensor(2.7549)
1522,tensor(2.6016)
1523,tensor(2.8284)
1524,tensor(1.9267)
1525,tensor(1.8433)
1526,tensor(2.2270)
1527,tensor(2.1078)
1528,tensor(3.6846)
1529,tensor(4.8787)
1530,tensor(6.1284)
1531,tensor(2.5506)
1532,tensor(2.1079)
1533,tensor(4.0320)
1534,tensor(1.9166)
1535,tensor(2.4420)
1536,tensor(3.6555)
1537,tensor(2.1087)
1538,tensor(1.9510)
1539,tensor(2.9992)
1540,tensor(3.7652)
1541,tensor(3.6306)
1542,tensor(2.9537)
1543,tensor(2.0290)
1544,tensor(2.1109)
1545,tensor(3.4453)
1546,tensor(3.3824)
1547,tensor(2.5464)
1548,tensor(2.7412)
1549,tensor(3.0165)
1550,tensor(3.0013)
1551,tensor(3.6713)
1552,tensor(4.0928)
1553,tensor(3.5056)
1554,tensor(2.3787)
1555,tensor(2.2937)
1556,tensor(3.5436)
1557,tensor(2.6811)
1558,tensor(2.6349)
1559,tensor(4.5931)
1560,tensor(2.6050)
1561,tensor(2.2102)
1562,tensor(3.6284)
1563,tensor(4.4047)
1564,tensor(1.7968)
1565,tensor(2.4404)
1566,tensor(4.2679)
1567,tensor(3.1041)
1568,tensor(2.0073)
1569,tensor(3.8055)
1570,tensor(4.1766)
1571,tensor(2.0016)
1572,tensor(2.2868)
1573,tensor(2.8411)
1574,tensor(3.5402)
1575,tensor(4.2031)
1576,tensor(3.2363)
1577,tensor(2.4100)
1578,tensor(3.0417)
1579,tensor(2.4932)
1580,tensor(2.8866)
1581,tensor(4.0612)
1582,tensor(3.1699)
1583,tensor(3.0196)
1584,tensor(3.5495)
1585,tensor(3.3566)
1586,tensor(3.8264)
1587,tensor(1.9644)
1588,tensor(3.7100)
1589,tensor(2.8779)
1590,tensor(2.0326)
1591,tensor(2.2715)
1592,tensor(3.0164)
1593,tensor(5.4550)
1594,tensor(3.5408)
1595,tensor(1.9806)
1596,tensor(2.0532)
1597,tensor(2.1917)
1598,tensor(1.9071)
1599,tensor(1.7135)
1600,tensor(1.9771)
1601,tensor(2.0232)
1602,tensor(2.9779)
1603,tensor(2.5550)
1604,tensor(3.0386)
1605,tensor(2.7964)
1606,tensor(2.6954)
1607,tensor(2.6321)
1608,tensor(2.5783)
1609,tensor(2.3460)
1610,tensor(2.6039)
1611,tensor(4.2349)
1612,tensor(3.4871)
1613,tensor(2.7706)
1614,tensor(2.5086)
1615,tensor(3.3228)
1616,tensor(4.6813)
1617,tensor(5.6272)
1618,tensor(2.5841)
1619,tensor(2.2485)
1620,tensor(2.2526)
1621,tensor(2.3808)
1622,tensor(2.7134)
1623,tensor(3.1895)
1624,tensor(2.6705)
1625,tensor(3.9486)
1626,tensor(3.1015)
1627,tensor(3.6942)
1628,tensor(2.8227)
1629,tensor(3.8413)
1630,tensor(2.7959)
1631,tensor(2.7139)
1632,tensor(2.1482)
1633,tensor(2.4030)
1634,tensor(3.0852)
1635,tensor(1.9047)
1636,tensor(3.0517)
1637,tensor(2.3478)
1638,tensor(3.1139)
1639,tensor(2.8037)
1640,tensor(2.8399)
1641,tensor(3.0545)
1642,tensor(2.1720)
1643,tensor(2.3121)
1644,tensor(3.0075)
1645,tensor(2.1807)
1646,tensor(2.4818)
1647,tensor(2.9768)
1648,tensor(3.3020)
1649,tensor(3.0439)
1650,tensor(2.6180)
1651,tensor(2.1392)
1652,tensor(2.7917)
1653,tensor(2.2767)
1654,tensor(3.3010)
1655,tensor(2.1806)
1656,tensor(2.6810)
1657,tensor(2.5249)
1658,tensor(3.5719)
1659,tensor(1.9034)
1660,tensor(2.6516)
1661,tensor(2.3504)
1662,tensor(1.9599)
1663,tensor(4.1959)
1664,tensor(2.6645)
1665,tensor(2.8460)
1666,tensor(2.8627)
1667,tensor(2.3946)
1668,tensor(3.4608)
1669,tensor(3.8413)
1670,tensor(2.6760)
1671,tensor(2.9912)
1672,tensor(2.8419)
1673,tensor(2.2067)
1674,tensor(2.1658)
1675,tensor(1.9954)
1676,tensor(3.9123)
1677,tensor(2.7513)
1678,tensor(2.6222)
1679,tensor(3.1835)
1680,tensor(3.0280)
1681,tensor(4.1558)
1682,tensor(2.6596)
1683,tensor(2.1174)
1684,tensor(3.3876)
1685,tensor(1.8365)
1686,tensor(1.9580)
1687,tensor(3.4177)
1688,tensor(1.8391)
1689,tensor(3.0627)
1690,tensor(2.3379)
1691,tensor(4.0481)
1692,tensor(4.6698)
1693,tensor(2.2360)
1694,tensor(2.1541)
1695,tensor(3.1919)
1696,tensor(2.6515)
1697,tensor(2.5250)
1698,tensor(1.7449)
1699,tensor(4.0518)
1700,tensor(3.5790)
1701,tensor(3.5927)
1702,tensor(3.1047)
1703,tensor(2.7348)
1704,tensor(3.2800)
1705,tensor(2.5843)
1706,tensor(4.3392)
1707,tensor(2.6918)
1708,tensor(1.9843)
1709,tensor(2.1673)
1710,tensor(2.4074)
1711,tensor(2.8549)
1712,tensor(2.7385)
1713,tensor(2.6371)
1714,tensor(3.7596)
1715,tensor(2.7953)
1716,tensor(2.0325)
1717,tensor(1.9760)
1718,tensor(3.5726)
1719,tensor(3.0378)
1720,tensor(4.2771)
1721,tensor(4.7238)
1722,tensor(2.8706)
1723,tensor(2.1986)
1724,tensor(3.0398)
1725,tensor(2.5841)
1726,tensor(3.6785)
1727,tensor(3.4262)
1728,tensor(3.1220)
1729,tensor(3.5407)
1730,tensor(1.8526)
1731,tensor(2.4154)
1732,tensor(4.0099)
1733,tensor(2.6270)
1734,tensor(2.5858)
1735,tensor(2.1719)
1736,tensor(2.6719)
1737,tensor(3.4928)
1738,tensor(3.7199)
1739,tensor(3.1061)
1740,tensor(5.1315)
1741,tensor(2.9219)
1742,tensor(3.8673)
1743,tensor(2.4506)
1744,tensor(2.3267)
1745,tensor(3.2748)
1746,tensor(4.1887)
1747,tensor(1.8978)
1748,tensor(2.3805)
1749,tensor(6.3304)
1750,tensor(2.7400)
1751,tensor(3.2985)
1752,tensor(2.8980)
1753,tensor(2.7355)
1754,tensor(2.2596)
1755,tensor(4.2095)
1756,tensor(2.5502)
1757,tensor(2.4141)
1758,tensor(2.1551)
1759,tensor(2.8704)
1760,tensor(2.9200)
1761,tensor(3.8279)
1762,tensor(2.8004)
1763,tensor(2.6427)
1764,tensor(2.7746)
1765,tensor(6.8305)
1766,tensor(1.7289)
1767,tensor(2.8474)
1768,tensor(3.4239)
1769,tensor(2.9001)
1770,tensor(2.9533)
1771,tensor(5.0248)
1772,tensor(3.0743)
1773,tensor(2.7272)
1774,tensor(3.7298)
1775,tensor(3.0314)
1776,tensor(3.1048)
1777,tensor(3.2639)
1778,tensor(2.4945)
1779,tensor(2.3809)
1780,tensor(2.5544)
1781,tensor(2.6849)
1782,tensor(2.4486)
1783,tensor(2.3665)
1784,tensor(3.5384)
1785,tensor(2.3060)
1786,tensor(3.2009)
1787,tensor(3.6607)
1788,tensor(3.5904)
1789,tensor(2.8359)
1790,tensor(4.3226)
1791,tensor(2.3322)
1792,tensor(3.0753)
1793,tensor(2.9455)
1794,tensor(3.0585)
1795,tensor(2.9505)
1796,tensor(5.3568)
1797,tensor(2.0057)
1798,tensor(2.7278)
1799,tensor(2.1420)
1800,tensor(5.1139)
1801,tensor(2.8976)
1802,tensor(4.2646)
1803,tensor(2.3586)
1804,tensor(2.7786)
1805,tensor(2.5127)
1806,tensor(2.7936)
1807,tensor(5.5672)
1808,tensor(1.9630)
1809,tensor(3.0490)
1810,tensor(1.9337)
1811,tensor(2.4625)
1812,tensor(3.1752)
1813,tensor(2.9818)
1814,tensor(2.5348)
1815,tensor(4.0046)
1816,tensor(2.8368)
1817,tensor(2.1445)
1818,tensor(2.0101)
1819,tensor(4.8235)
1820,tensor(3.4989)
1821,tensor(2.3832)
1822,tensor(2.2492)
1823,tensor(3.2392)
1824,tensor(2.7590)
1825,tensor(2.1004)
1826,tensor(1.9465)
1827,tensor(3.0544)
1828,tensor(2.3437)
1829,tensor(2.8936)
1830,tensor(2.0472)
1831,tensor(3.9405)
1832,tensor(3.0501)
1833,tensor(2.2675)
1834,tensor(4.4829)
1835,tensor(3.0717)
1836,tensor(2.3007)
1837,tensor(2.4554)
1838,tensor(2.6851)
1839,tensor(2.7723)
1840,tensor(2.2644)
1841,tensor(2.8420)
1842,tensor(3.0900)
1843,tensor(2.4222)
1844,tensor(4.5974)
1845,tensor(2.2692)
1846,tensor(2.2859)
1847,tensor(2.3598)
1848,tensor(2.6630)
1849,tensor(3.1065)
1850,tensor(2.7241)
1851,tensor(2.2529)
1852,tensor(1.7582)
1853,tensor(4.8289)
1854,tensor(2.4305)
1855,tensor(2.2276)
1856,tensor(3.4271)
1857,tensor(5.8386)
1858,tensor(2.5851)
1859,tensor(4.4707)
1860,tensor(2.5309)
1861,tensor(2.7428)
1862,tensor(2.3948)
1863,tensor(2.8275)
1864,tensor(2.5929)
1865,tensor(2.8074)
1866,tensor(2.7322)
1867,tensor(3.6480)
1868,tensor(2.3328)
1869,tensor(4.2520)
1870,tensor(2.1505)
1871,tensor(1.5786)
1872,tensor(6.6187)
1873,tensor(2.5627)
1874,tensor(2.6626)
1875,tensor(3.5227)
1876,tensor(3.0038)
1877,tensor(4.7625)
1878,tensor(2.8957)
1879,tensor(3.3087)
1880,tensor(5.6962)
1881,tensor(1.8719)
1882,tensor(4.2217)
1883,tensor(3.0751)
1884,tensor(2.4546)
1885,tensor(2.6208)
1886,tensor(3.0247)
1887,tensor(3.7898)
1888,tensor(3.5620)
1889,tensor(3.0930)
1890,tensor(2.5996)
1891,tensor(2.0437)
1892,tensor(1.8562)
1893,tensor(3.0093)
1894,tensor(1.8037)
1895,tensor(2.8596)
1896,tensor(2.8448)
1897,tensor(3.9134)
1898,tensor(3.9655)
1899,tensor(6.7712)
1900,tensor(1.7497)
1901,tensor(3.2639)
1902,tensor(2.0537)
1903,tensor(2.6640)
1904,tensor(2.7421)
1905,tensor(3.9546)
1906,tensor(3.0341)
1907,tensor(2.4497)
1908,tensor(2.5923)
1909,tensor(3.0394)
1910,tensor(3.2009)
1911,tensor(4.5943)
1912,tensor(2.3774)
1913,tensor(2.5118)
1914,tensor(1.8573)
1915,tensor(2.6772)
1916,tensor(2.3421)
1917,tensor(2.9689)
1918,tensor(2.2707)
1919,tensor(2.4343)
1920,tensor(2.5660)
1921,tensor(2.4350)
1922,tensor(4.0056)
1923,tensor(3.1858)
1924,tensor(2.0308)
1925,tensor(2.8475)
1926,tensor(3.7052)
1927,tensor(2.4732)
1928,tensor(2.4374)
1929,tensor(4.6890)
1930,tensor(2.8300)
1931,tensor(4.3588)
1932,tensor(4.5689)
1933,tensor(2.7009)
1934,tensor(4.2875)
1935,tensor(4.3679)
1936,tensor(2.1470)
1937,tensor(1.6829)
1938,tensor(3.0832)
1939,tensor(2.4189)
1940,tensor(2.6929)
1941,tensor(3.6024)
1942,tensor(1.7841)
1943,tensor(2.3396)
1944,tensor(2.9439)
1945,tensor(3.9907)
1946,tensor(3.5085)
1947,tensor(2.4435)
1948,tensor(3.7635)
1949,tensor(2.9583)
1950,tensor(2.4449)
1951,tensor(2.5153)
1952,tensor(2.3160)
1953,tensor(3.5332)
1954,tensor(4.5164)
1955,tensor(3.3176)
1956,tensor(3.5123)
1957,tensor(2.4572)
1958,tensor(2.2468)
1959,tensor(2.9750)
1960,tensor(1.7890)
1961,tensor(1.7259)
1962,tensor(3.4666)
1963,tensor(3.3446)
1964,tensor(2.3502)
1965,tensor(3.0940)
1966,tensor(1.8744)
1967,tensor(1.8089)
1968,tensor(2.3925)
1969,tensor(4.1156)
1970,tensor(4.2481)
1971,tensor(5.6447)
1972,tensor(2.1555)
1973,tensor(1.8030)
1974,tensor(2.9911)
1975,tensor(2.6133)
1976,tensor(2.0720)
1977,tensor(2.6218)
1978,tensor(2.5424)
1979,tensor(2.2292)
1980,tensor(2.9394)
1981,tensor(2.8711)
1982,tensor(2.6402)
1983,tensor(2.7688)
1984,tensor(2.1912)
1985,tensor(3.7384)
1986,tensor(3.5839)
1987,tensor(2.7447)
1988,tensor(3.6675)
1989,tensor(2.7228)
1990,tensor(1.8962)
1991,tensor(2.5307)
1992,tensor(3.9557)
1993,tensor(3.6922)
1994,tensor(1.9871)
1995,tensor(2.8788)
1996,tensor(3.9056)
1997,tensor(3.6546)
1998,tensor(2.4160)
1999,tensor(3.6596)
2000,tensor(1.7914)
2001,tensor(3.6703)
2002,tensor(3.6125)
2003,tensor(3.3824)
2004,tensor(3.4962)
2005,tensor(4.5238)
2006,tensor(2.6960)
2007,tensor(2.9919)
2008,tensor(1.9047)
2009,tensor(2.3657)
2010,tensor(2.8181)
2011,tensor(2.6011)
2012,tensor(3.2063)
2013,tensor(2.4764)
2014,tensor(2.8066)
2015,tensor(3.1337)
2016,tensor(3.5751)
2017,tensor(4.3330)
2018,tensor(2.7786)
2019,tensor(2.0281)
2020,tensor(1.7303)
2021,tensor(4.5966)
2022,tensor(2.7132)
2023,tensor(3.1744)
2024,tensor(2.1741)
2025,tensor(1.7029)
2026,tensor(2.0453)
2027,tensor(2.3152)
2028,tensor(2.3585)
2029,tensor(2.6255)
2030,tensor(2.8764)
2031,tensor(2.1383)
2032,tensor(3.1464)
2033,tensor(1.7517)
2034,tensor(2.6381)
2035,tensor(2.7531)
2036,tensor(2.8462)
2037,tensor(6.1508)
2038,tensor(2.4194)
2039,tensor(2.3875)
2040,tensor(2.4473)
2041,tensor(2.9660)
2042,tensor(2.5410)
2043,tensor(2.2264)
2044,tensor(2.7261)
2045,tensor(3.6107)
2046,tensor(2.4784)
2047,tensor(5.0866)
2048,tensor(2.7466)
2049,tensor(3.0065)
2050,tensor(1.8190)
2051,tensor(2.1243)
2052,tensor(2.0232)
2053,tensor(3.3697)
2054,tensor(2.4096)
2055,tensor(2.7918)
2056,tensor(2.8988)
2057,tensor(2.2682)
2058,tensor(4.0957)
2059,tensor(2.4673)
2060,tensor(2.9445)
2061,tensor(4.4021)
2062,tensor(1.8163)
2063,tensor(3.2372)
2064,tensor(3.5759)
2065,tensor(1.9677)
2066,tensor(2.5493)
2067,tensor(4.9435)
2068,tensor(3.9929)
2069,tensor(2.6606)
2070,tensor(2.3738)
2071,tensor(3.1732)
2072,tensor(2.9157)
2073,tensor(2.6001)
2074,tensor(3.8370)
2075,tensor(3.2095)
2076,tensor(1.8676)
2077,tensor(2.3492)
2078,tensor(2.2158)
2079,tensor(3.2443)
2080,tensor(2.6410)
2081,tensor(2.8262)
2082,tensor(1.5909)
2083,tensor(2.9419)
2084,tensor(3.7627)
2085,tensor(2.8859)
2086,tensor(2.5712)
2087,tensor(2.6770)
2088,tensor(2.5160)
2089,tensor(3.8105)
2090,tensor(2.0373)
2091,tensor(3.1367)
2092,tensor(3.7107)
2093,tensor(3.4892)
2094,tensor(2.3783)
2095,tensor(1.9511)
2096,tensor(2.3514)
2097,tensor(2.6783)
2098,tensor(1.9535)
2099,tensor(2.4926)
2100,tensor(4.4458)
2101,tensor(2.1352)
2102,tensor(2.6797)
2103,tensor(1.5973)
2104,tensor(2.7917)
2105,tensor(1.8003)
2106,tensor(3.9707)
2107,tensor(2.9766)
2108,tensor(2.3273)
2109,tensor(2.9716)
2110,tensor(3.5845)
2111,tensor(3.5218)
2112,tensor(2.5846)
2113,tensor(2.4488)
2114,tensor(3.5437)
2115,tensor(3.2334)
2116,tensor(5.5380)
2117,tensor(2.3486)
2118,tensor(4.9791)
2119,tensor(3.7553)
2120,tensor(4.4198)
2121,tensor(2.8742)
2122,tensor(3.3609)
2123,tensor(2.5378)
2124,tensor(2.6379)
2125,tensor(2.6460)
2126,tensor(2.1843)
2127,tensor(2.3624)
2128,tensor(2.2240)
2129,tensor(1.9674)
2130,tensor(2.4479)
2131,tensor(1.9843)
2132,tensor(2.5538)
2133,tensor(3.7203)
2134,tensor(3.4450)
2135,tensor(1.8672)
2136,tensor(2.0233)
2137,tensor(3.7649)
2138,tensor(2.6383)
2139,tensor(2.1133)
2140,tensor(2.2026)
2141,tensor(2.4158)
2142,tensor(5.9005)
2143,tensor(2.6399)
2144,tensor(3.2890)
2145,tensor(2.7906)
2146,tensor(2.8694)
2147,tensor(4.6685)
2148,tensor(3.0986)
2149,tensor(2.0537)
2150,tensor(2.3460)
2151,tensor(2.1195)
2152,tensor(5.2109)
2153,tensor(3.2548)
2154,tensor(2.0137)
2155,tensor(4.5170)
2156,tensor(2.4269)
2157,tensor(1.7562)
2158,tensor(3.8130)
2159,tensor(2.2102)
2160,tensor(2.5679)
2161,tensor(2.8860)
2162,tensor(2.9477)
2163,tensor(3.1786)
2164,tensor(2.9521)
2165,tensor(2.7111)
2166,tensor(3.8808)
2167,tensor(2.9532)
2168,tensor(2.7713)
2169,tensor(2.5261)
2170,tensor(2.3451)
2171,tensor(2.5451)
2172,tensor(2.0686)
2173,tensor(2.3243)
2174,tensor(3.2821)
2175,tensor(2.5844)
2176,tensor(2.1196)
2177,tensor(1.8731)
2178,tensor(2.2657)
2179,tensor(3.3032)
2180,tensor(3.9265)
2181,tensor(2.2928)
2182,tensor(3.8325)
2183,tensor(3.7822)
2184,tensor(3.5019)
2185,tensor(3.0150)
2186,tensor(3.1972)
2187,tensor(4.0977)
2188,tensor(3.5008)
2189,tensor(4.9374)
2190,tensor(2.7355)
2191,tensor(2.0118)
2192,tensor(3.1251)
2193,tensor(3.0205)
2194,tensor(2.6912)
2195,tensor(3.8182)
2196,tensor(3.1165)
2197,tensor(2.5802)
2198,tensor(2.4439)
2199,tensor(2.4574)
2200,tensor(1.7794)
2201,tensor(7.0761)
2202,tensor(2.9154)
2203,tensor(4.0640)
2204,tensor(3.0474)
2205,tensor(2.2986)
2206,tensor(3.0028)
2207,tensor(2.3397)
2208,tensor(3.9865)
2209,tensor(2.7790)
2210,tensor(1.8698)
2211,tensor(2.4680)
2212,tensor(2.2895)
2213,tensor(2.3215)
2214,tensor(3.6541)
2215,tensor(2.4662)
2216,tensor(2.1617)
2217,tensor(2.2214)
2218,tensor(1.9379)
2219,tensor(3.3484)
2220,tensor(4.8024)
2221,tensor(3.0833)
2222,tensor(3.4936)
2223,tensor(4.5614)
2224,tensor(3.1317)
2225,tensor(2.4381)
2226,tensor(2.3606)
2227,tensor(1.9210)
2228,tensor(3.8110)
2229,tensor(2.9099)
2230,tensor(2.8038)
2231,tensor(3.4793)
2232,tensor(2.7111)
2233,tensor(2.9528)
2234,tensor(2.1989)
2235,tensor(2.2916)
2236,tensor(2.2355)
2237,tensor(2.3219)
2238,tensor(2.9470)
2239,tensor(2.6477)
2240,tensor(2.4879)
2241,tensor(2.3535)
2242,tensor(1.8171)
2243,tensor(3.5294)
2244,tensor(1.7578)
2245,tensor(1.7639)
2246,tensor(4.0170)
2247,tensor(2.7551)
2248,tensor(3.1043)
2249,tensor(1.9138)
2250,tensor(2.8902)
2251,tensor(3.6368)
2252,tensor(2.4771)
2253,tensor(2.7198)
2254,tensor(2.5884)
2255,tensor(1.6484)
2256,tensor(2.4563)
2257,tensor(3.2820)
2258,tensor(2.6840)
2259,tensor(3.5656)
2260,tensor(2.9701)
2261,tensor(3.6638)
2262,tensor(2.7106)
2263,tensor(2.6828)
2264,tensor(4.9812)
2265,tensor(3.1328)
2266,tensor(1.7119)
2267,tensor(2.7951)
2268,tensor(3.8617)
2269,tensor(2.7563)
2270,tensor(3.7478)
2271,tensor(1.9266)
2272,tensor(2.9917)
2273,tensor(3.1406)
2274,tensor(1.7579)
2275,tensor(2.4648)
2276,tensor(1.8633)
2277,tensor(2.6922)
2278,tensor(2.5800)
2279,tensor(3.2372)
2280,tensor(2.3388)
2281,tensor(1.9164)
2282,tensor(2.5724)
2283,tensor(3.2526)
2284,tensor(5.0293)
2285,tensor(2.3345)
2286,tensor(2.1225)
2287,tensor(2.5942)
2288,tensor(1.8705)
2289,tensor(3.4454)
2290,tensor(2.1323)
2291,tensor(3.0981)
2292,tensor(3.1964)
2293,tensor(2.9484)
2294,tensor(3.4288)
2295,tensor(3.7194)
2296,tensor(6.0332)
2297,tensor(2.9146)
2298,tensor(2.4878)
2299,tensor(2.9469)
2300,tensor(2.2365)
2301,tensor(3.2311)
2302,tensor(2.3845)
2303,tensor(2.8700)
2304,tensor(3.1768)
2305,tensor(5.2243)
2306,tensor(2.5315)
2307,tensor(3.4348)
2308,tensor(2.9708)
2309,tensor(2.8421)
2310,tensor(4.2942)
2311,tensor(2.5080)
2312,tensor(2.4776)
2313,tensor(4.0880)
2314,tensor(2.9924)
2315,tensor(3.3180)
2316,tensor(2.4322)
2317,tensor(2.2505)
2318,tensor(2.3357)
2319,tensor(3.9146)
2320,tensor(2.8460)
2321,tensor(3.2050)
2322,tensor(1.8961)
2323,tensor(3.2066)
2324,tensor(2.1546)
2325,tensor(2.9493)
2326,tensor(4.6690)
2327,tensor(2.5958)
2328,tensor(2.3875)
2329,tensor(2.5406)
2330,tensor(2.5542)
2331,tensor(2.1813)
2332,tensor(2.7058)
2333,tensor(2.3872)
2334,tensor(2.3090)
2335,tensor(2.4774)
2336,tensor(2.5183)
2337,tensor(1.9335)
2338,tensor(2.0937)
2339,tensor(2.6329)
2340,tensor(3.8954)
2341,tensor(2.5907)
2342,tensor(2.5008)
2343,tensor(1.7278)
2344,tensor(3.3834)
2345,tensor(4.4691)
2346,tensor(3.0452)
2347,tensor(2.1449)
2348,tensor(3.4102)
2349,tensor(2.2352)
2350,tensor(2.5778)
2351,tensor(2.7246)
2352,tensor(2.2336)
2353,tensor(1.8507)
2354,tensor(2.0357)
2355,tensor(2.1419)
2356,tensor(4.2937)
2357,tensor(2.5293)
2358,tensor(4.2773)
2359,tensor(2.1131)
2360,tensor(2.5272)
2361,tensor(2.0955)
2362,tensor(4.2660)
2363,tensor(3.3239)
2364,tensor(2.4319)
2365,tensor(3.9580)
2366,tensor(4.3491)
2367,tensor(2.5466)
2368,tensor(3.5483)
2369,tensor(2.2732)
2370,tensor(2.5992)
2371,tensor(2.7038)
2372,tensor(3.2130)
2373,tensor(2.9870)
2374,tensor(2.4847)
2375,tensor(1.8551)
2376,tensor(2.5030)
2377,tensor(3.2755)
2378,tensor(2.1836)
2379,tensor(1.9355)
2380,tensor(2.2508)
2381,tensor(3.2128)
2382,tensor(2.4640)
2383,tensor(1.9970)
2384,tensor(1.9777)
2385,tensor(2.6529)
2386,tensor(1.9073)
2387,tensor(2.8873)
2388,tensor(2.4583)
2389,tensor(3.2240)
2390,tensor(2.4326)
2391,tensor(2.1246)
2392,tensor(2.0247)
2393,tensor(3.4783)
2394,tensor(4.6180)
2395,tensor(2.4539)
2396,tensor(2.2804)
2397,tensor(3.6541)
2398,tensor(1.9423)
2399,tensor(3.6188)
2400,tensor(2.0424)
2401,tensor(3.3869)
2402,tensor(2.6696)
2403,tensor(2.8001)
2404,tensor(3.1802)
2405,tensor(1.9201)
2406,tensor(2.0199)
2407,tensor(2.9537)
2408,tensor(3.2013)
2409,tensor(3.5743)
2410,tensor(3.2652)
2411,tensor(3.3314)
2412,tensor(3.5819)
2413,tensor(2.5348)
2414,tensor(4.2947)
2415,tensor(2.7296)
2416,tensor(2.6196)
2417,tensor(2.9994)
2418,tensor(2.4438)
2419,tensor(2.3984)
2420,tensor(3.6398)
2421,tensor(3.2694)
2422,tensor(4.7999)
2423,tensor(2.4624)
2424,tensor(3.4307)
2425,tensor(2.0189)
2426,tensor(3.4223)
2427,tensor(2.0724)
2428,tensor(2.3113)
2429,tensor(3.1475)
2430,tensor(2.3253)
2431,tensor(2.3874)
2432,tensor(2.8222)
2433,tensor(3.5572)
2434,tensor(2.4953)
2435,tensor(2.2635)
2436,tensor(2.7181)
2437,tensor(2.8254)
2438,tensor(3.2899)
2439,tensor(2.9909)
2440,tensor(2.5498)
2441,tensor(1.8237)
2442,tensor(3.0125)
2443,tensor(2.0697)
2444,tensor(2.9499)
2445,tensor(2.5371)
2446,tensor(3.3214)
2447,tensor(2.4273)
2448,tensor(3.0983)
2449,tensor(4.7255)
2450,tensor(2.8193)
2451,tensor(2.2193)
2452,tensor(2.3502)
2453,tensor(2.9847)
2454,tensor(2.7357)
2455,tensor(2.2992)
2456,tensor(3.7239)
2457,tensor(2.9098)
2458,tensor(2.9971)
2459,tensor(3.6105)
2460,tensor(3.3805)
2461,tensor(2.4264)
2462,tensor(1.7135)
2463,tensor(1.7351)
2464,tensor(2.3778)
2465,tensor(2.8014)
2466,tensor(3.3382)
2467,tensor(2.6781)
2468,tensor(2.0105)
2469,tensor(2.2780)
2470,tensor(2.3171)
2471,tensor(3.4880)
2472,tensor(3.9150)
2473,tensor(2.5521)
2474,tensor(2.9564)
2475,tensor(2.7132)
2476,tensor(2.6641)
2477,tensor(2.3204)
2478,tensor(2.8943)
2479,tensor(2.9708)
2480,tensor(2.8364)
2481,tensor(2.2921)
2482,tensor(2.0724)
2483,tensor(3.7671)
2484,tensor(2.9008)
2485,tensor(2.3997)
2486,tensor(2.4536)
2487,tensor(3.9112)
2488,tensor(4.1974)
2489,tensor(2.8626)
2490,tensor(2.3934)
2491,tensor(1.9007)
2492,tensor(3.7541)
2493,tensor(2.2512)
2494,tensor(3.7723)
2495,tensor(2.8227)
2496,tensor(2.9233)
2497,tensor(1.9113)
2498,tensor(1.9715)
2499,tensor(2.8832)
2500,tensor(3.6969)
2501,tensor(2.8365)
2502,tensor(4.0476)
2503,tensor(2.8330)
2504,tensor(2.3278)
2505,tensor(3.1201)
2506,tensor(2.9051)
2507,tensor(4.0012)
2508,tensor(2.5873)
2509,tensor(2.3530)
2510,tensor(2.3633)
2511,tensor(2.9353)
2512,tensor(3.1255)
2513,tensor(2.7840)
2514,tensor(2.2846)
2515,tensor(3.3032)
2516,tensor(2.6703)
2517,tensor(2.6799)
2518,tensor(1.9403)
2519,tensor(3.5477)
2520,tensor(2.7167)
2521,tensor(2.2172)
2522,tensor(3.1799)
2523,tensor(2.4660)
2524,tensor(3.5559)
2525,tensor(4.5501)
2526,tensor(2.7971)
2527,tensor(3.0699)
2528,tensor(1.9167)
2529,tensor(4.4590)
2530,tensor(3.1155)
2531,tensor(3.1375)
2532,tensor(2.5765)
2533,tensor(2.9629)
2534,tensor(4.3586)
2535,tensor(3.2171)
2536,tensor(3.1722)
2537,tensor(3.7735)
2538,tensor(4.5042)
2539,tensor(2.7257)
2540,tensor(3.3382)
2541,tensor(2.0206)
2542,tensor(3.5091)
2543,tensor(2.2896)
2544,tensor(3.3464)
2545,tensor(1.7432)
2546,tensor(2.1124)
2547,tensor(3.0337)
2548,tensor(2.6548)
2549,tensor(1.4957)
2550,tensor(2.1053)
2551,tensor(4.6292)
2552,tensor(2.6346)
2553,tensor(3.2353)
2554,tensor(1.7624)
2555,tensor(3.1368)
2556,tensor(2.5715)
2557,tensor(1.9274)
2558,tensor(2.4269)
2559,tensor(2.4215)
2560,tensor(1.8305)
2561,tensor(4.3137)
2562,tensor(3.1802)
2563,tensor(2.8213)
2564,tensor(2.6298)
2565,tensor(2.3048)
2566,tensor(2.9943)
2567,tensor(2.4627)
2568,tensor(2.8042)
2569,tensor(4.1206)
2570,tensor(2.9156)
2571,tensor(2.4144)
2572,tensor(2.8068)
2573,tensor(4.0561)
2574,tensor(2.1032)
2575,tensor(3.1513)
2576,tensor(3.7706)
2577,tensor(2.5050)
2578,tensor(1.5294)
2579,tensor(3.1359)
2580,tensor(2.1868)
2581,tensor(3.1204)
2582,tensor(4.2217)
2583,tensor(3.2616)
2584,tensor(2.8004)
2585,tensor(2.4169)
2586,tensor(3.3319)
2587,tensor(2.4700)
2588,tensor(2.2762)
2589,tensor(2.5316)
2590,tensor(3.0215)
2591,tensor(3.2629)
2592,tensor(3.5173)
2593,tensor(2.8482)
2594,tensor(2.1730)
2595,tensor(2.1219)
2596,tensor(2.2485)
2597,tensor(1.6779)
2598,tensor(2.4145)
2599,tensor(2.1370)
2600,tensor(2.6772)
2601,tensor(2.8110)
2602,tensor(2.1236)
2603,tensor(3.0792)
2604,tensor(3.1664)
2605,tensor(2.2873)
2606,tensor(2.4202)
2607,tensor(4.0292)
2608,tensor(4.6727)
2609,tensor(2.4526)
2610,tensor(2.8804)
2611,tensor(1.6249)
2612,tensor(2.2671)
2613,tensor(2.1956)
2614,tensor(4.0609)
2615,tensor(3.5234)
2616,tensor(2.1552)
2617,tensor(3.5241)
2618,tensor(3.8131)
2619,tensor(2.5993)
2620,tensor(1.6123)
2621,tensor(1.6900)
2622,tensor(2.8649)
2623,tensor(2.3180)
2624,tensor(3.5209)
2625,tensor(3.0050)
2626,tensor(3.1138)
2627,tensor(2.8654)
2628,tensor(2.9239)
2629,tensor(2.6428)
2630,tensor(3.6572)
2631,tensor(2.8590)
2632,tensor(2.3195)
2633,tensor(2.5405)
2634,tensor(2.4362)
2635,tensor(1.7563)
2636,tensor(3.5891)
2637,tensor(7.2287)
2638,tensor(1.6449)
2639,tensor(4.8180)
2640,tensor(2.3175)
2641,tensor(2.9314)
2642,tensor(2.5644)
2643,tensor(2.6558)
2644,tensor(3.1133)
2645,tensor(3.4064)
2646,tensor(3.5377)
2647,tensor(2.3619)
2648,tensor(6.2935)
2649,tensor(2.9862)
2650,tensor(3.7057)
2651,tensor(3.2302)
2652,tensor(2.2055)
2653,tensor(3.2599)
2654,tensor(2.3585)
2655,tensor(2.3158)
2656,tensor(1.9089)
2657,tensor(2.8302)
2658,tensor(1.8002)
2659,tensor(2.2638)
2660,tensor(3.8255)
2661,tensor(3.4143)
2662,tensor(1.7024)
2663,tensor(2.8589)
2664,tensor(1.7251)
2665,tensor(3.9653)
2666,tensor(2.2186)
2667,tensor(2.8927)
2668,tensor(3.4388)
2669,tensor(3.0340)
2670,tensor(1.4188)
2671,tensor(2.5436)
2672,tensor(2.8160)
2673,tensor(2.7084)
2674,tensor(3.8276)
2675,tensor(2.1263)
2676,tensor(3.3998)
2677,tensor(3.0459)
2678,tensor(3.0828)
2679,tensor(2.3885)
2680,tensor(2.7715)
2681,tensor(3.2893)
2682,tensor(1.6459)
2683,tensor(2.4693)
2684,tensor(2.5530)
2685,tensor(2.5432)
2686,tensor(3.5391)
2687,tensor(3.5644)
2688,tensor(2.7360)
2689,tensor(2.2166)
2690,tensor(1.9519)
2691,tensor(2.1926)
2692,tensor(2.2447)
2693,tensor(3.4129)
2694,tensor(2.3788)
2695,tensor(2.1504)
2696,tensor(1.7495)
2697,tensor(2.8930)
2698,tensor(2.4490)
2699,tensor(2.8782)
2700,tensor(2.5755)
2701,tensor(3.1840)
2702,tensor(2.2167)
2703,tensor(2.5931)
2704,tensor(3.8344)
2705,tensor(2.1076)
2706,tensor(2.1717)
2707,tensor(4.5945)
2708,tensor(2.2205)
2709,tensor(2.8204)
2710,tensor(3.3803)
2711,tensor(4.1388)
2712,tensor(2.1557)
2713,tensor(2.2911)
2714,tensor(2.2066)
2715,tensor(2.3787)
2716,tensor(3.6345)
2717,tensor(2.6447)
2718,tensor(3.0732)
2719,tensor(1.9373)
2720,tensor(3.9078)
2721,tensor(1.6641)
2722,tensor(2.8349)
2723,tensor(3.7006)
2724,tensor(2.2408)
2725,tensor(2.2129)
2726,tensor(2.0012)
2727,tensor(3.8938)
2728,tensor(1.7685)
2729,tensor(3.3787)
2730,tensor(3.1167)
2731,tensor(2.7435)
2732,tensor(3.4836)
2733,tensor(2.5072)
2734,tensor(2.9637)
2735,tensor(2.7805)
2736,tensor(3.4194)
2737,tensor(3.1383)
2738,tensor(2.5629)
2739,tensor(5.4931)
2740,tensor(2.9400)
2741,tensor(3.0427)
2742,tensor(2.7382)
2743,tensor(2.2237)
2744,tensor(4.1085)
2745,tensor(2.3921)
2746,tensor(2.8825)
2747,tensor(3.0498)
2748,tensor(2.9887)
2749,tensor(1.5876)
2750,tensor(3.1906)
2751,tensor(2.4120)
2752,tensor(3.8859)
2753,tensor(2.1072)
2754,tensor(2.8590)
2755,tensor(3.2407)
2756,tensor(3.3273)
2757,tensor(3.6075)
2758,tensor(2.2412)
2759,tensor(1.7848)
2760,tensor(3.3566)
2761,tensor(1.9172)
2762,tensor(3.0076)
2763,tensor(3.7318)
2764,tensor(2.1455)
2765,tensor(2.8441)
2766,tensor(1.9297)
2767,tensor(2.3341)
2768,tensor(1.6766)
2769,tensor(3.5306)
2770,tensor(2.2773)
2771,tensor(2.9343)
2772,tensor(1.8941)
2773,tensor(3.6076)
2774,tensor(2.6631)
2775,tensor(2.4336)
2776,tensor(3.0598)
2777,tensor(2.2585)
2778,tensor(1.4859)
2779,tensor(4.1282)
2780,tensor(3.4399)
2781,tensor(2.7813)
2782,tensor(1.6826)
2783,tensor(2.6141)
2784,tensor(5.0689)
2785,tensor(3.6699)
2786,tensor(2.5456)
2787,tensor(2.4623)
2788,tensor(3.1297)
2789,tensor(2.0374)
2790,tensor(3.1621)
2791,tensor(2.6938)
2792,tensor(2.6671)
2793,tensor(3.9952)
2794,tensor(2.0490)
2795,tensor(2.4564)
2796,tensor(1.7652)
2797,tensor(1.6568)
2798,tensor(3.5084)
2799,tensor(2.7500)
2800,tensor(3.4841)
2801,tensor(2.3499)
2802,tensor(3.2027)
2803,tensor(1.8137)
2804,tensor(3.2422)
2805,tensor(1.9353)
2806,tensor(2.2350)
2807,tensor(2.2880)
2808,tensor(3.4259)
2809,tensor(2.4853)
2810,tensor(2.2883)
2811,tensor(3.2774)
2812,tensor(5.3407)
2813,tensor(1.7201)
2814,tensor(4.5573)
2815,tensor(1.9995)
2816,tensor(2.0342)
2817,tensor(2.6179)
2818,tensor(2.5725)
2819,tensor(5.5566)
2820,tensor(4.0499)
2821,tensor(2.6419)
2822,tensor(2.5166)
2823,tensor(3.3893)
2824,tensor(3.6202)
2825,tensor(2.5277)
2826,tensor(1.7257)
2827,tensor(2.8122)
2828,tensor(2.5592)
2829,tensor(2.7496)
2830,tensor(2.7718)
2831,tensor(1.7809)
2832,tensor(2.9865)
2833,tensor(3.4205)
2834,tensor(4.0753)
2835,tensor(2.9396)
2836,tensor(4.1524)
2837,tensor(3.0763)
2838,tensor(2.8224)
2839,tensor(1.8047)
2840,tensor(1.7204)
2841,tensor(2.1276)
2842,tensor(1.9653)
2843,tensor(2.0317)
2844,tensor(2.5616)
2845,tensor(5.1857)
2846,tensor(2.7200)
2847,tensor(2.3344)
2848,tensor(3.7345)
2849,tensor(2.4271)
2850,tensor(1.8332)
2851,tensor(3.2801)
2852,tensor(2.6724)
2853,tensor(2.5177)
2854,tensor(3.9695)
2855,tensor(2.9243)
2856,tensor(2.2595)
2857,tensor(1.9771)
2858,tensor(2.4369)
2859,tensor(2.1835)
2860,tensor(3.9622)
2861,tensor(2.1927)
2862,tensor(2.9050)
2863,tensor(2.6559)
2864,tensor(2.3236)
2865,tensor(2.6029)
2866,tensor(2.5758)
2867,tensor(8.0296)
2868,tensor(2.8310)
2869,tensor(2.5208)
2870,tensor(2.7506)
2871,tensor(2.8135)
2872,tensor(2.2152)
2873,tensor(2.3723)
2874,tensor(2.1380)
2875,tensor(2.8982)
2876,tensor(2.8302)
2877,tensor(2.6880)
2878,tensor(3.0545)
2879,tensor(3.8044)
2880,tensor(3.2765)
2881,tensor(5.4714)
2882,tensor(1.9552)
2883,tensor(2.3774)
2884,tensor(2.5442)
2885,tensor(3.0964)
2886,tensor(2.5305)
2887,tensor(2.3303)
2888,tensor(4.7708)
2889,tensor(1.9553)
2890,tensor(3.9789)
2891,tensor(2.6938)
2892,tensor(2.9607)
2893,tensor(2.6453)
2894,tensor(2.7359)
2895,tensor(3.0893)
2896,tensor(1.8861)
2897,tensor(3.5453)
2898,tensor(3.7975)
2899,tensor(2.1676)
2900,tensor(4.5555)
2901,tensor(3.0183)
2902,tensor(2.6635)
2903,tensor(2.2133)
2904,tensor(4.4158)
2905,tensor(1.7633)
2906,tensor(1.6938)
2907,tensor(4.1518)
2908,tensor(2.0184)
2909,tensor(4.8367)
2910,tensor(2.1415)
2911,tensor(2.5885)
2912,tensor(3.2267)
2913,tensor(2.1016)
2914,tensor(1.9662)
2915,tensor(2.3170)
2916,tensor(2.0517)
2917,tensor(1.8469)
2918,tensor(3.5819)
2919,tensor(2.3065)
2920,tensor(5.0161)
2921,tensor(2.4191)
2922,tensor(2.5509)
2923,tensor(2.5890)
2924,tensor(1.6364)
2925,tensor(3.1072)
2926,tensor(3.6080)
2927,tensor(3.6427)
2928,tensor(4.7828)
2929,tensor(3.9561)
2930,tensor(2.6493)
2931,tensor(2.1520)
2932,tensor(2.0947)
2933,tensor(1.8501)
2934,tensor(2.7595)
2935,tensor(2.3551)
2936,tensor(4.1436)
2937,tensor(2.9236)
2938,tensor(2.4732)
2939,tensor(2.1853)
2940,tensor(2.5434)
2941,tensor(2.9317)
2942,tensor(2.6801)
2943,tensor(3.1397)
2944,tensor(1.6529)
2945,tensor(3.4484)
2946,tensor(3.7343)
2947,tensor(2.8322)
2948,tensor(4.8071)
2949,tensor(2.1924)
2950,tensor(1.8533)
2951,tensor(2.4982)
2952,tensor(1.8858)
2953,tensor(2.1306)
2954,tensor(2.4557)
2955,tensor(2.1539)
2956,tensor(2.7079)
2957,tensor(1.9446)
2958,tensor(3.4941)
2959,tensor(4.2780)
2960,tensor(2.3779)
2961,tensor(3.5459)
2962,tensor(2.7427)
2963,tensor(3.1454)
2964,tensor(3.3396)
2965,tensor(3.0453)
2966,tensor(2.8493)
2967,tensor(3.5272)
2968,tensor(2.3340)
2969,tensor(2.5574)
2970,tensor(3.2028)
2971,tensor(2.2522)
2972,tensor(2.5089)
2973,tensor(3.7117)
2974,tensor(1.8398)
2975,tensor(2.1460)
2976,tensor(2.9194)
2977,tensor(3.3367)
2978,tensor(2.2659)
2979,tensor(2.2210)
2980,tensor(1.9360)
2981,tensor(2.6071)
2982,tensor(3.9658)
2983,tensor(2.7778)
2984,tensor(2.0006)
2985,tensor(3.5475)
2986,tensor(2.3833)
2987,tensor(2.1813)
2988,tensor(2.9812)
2989,tensor(3.5168)
2990,tensor(1.6196)
2991,tensor(2.3148)
2992,tensor(2.7721)
2993,tensor(3.2750)
2994,tensor(3.8537)
2995,tensor(2.5393)
2996,tensor(2.0327)
2997,tensor(2.4915)
2998,tensor(4.1654)
2999,tensor(3.9389)
3000,tensor(2.1496)
3001,tensor(4.0524)
3002,tensor(2.8700)
3003,tensor(2.2403)
3004,tensor(2.8413)
3005,tensor(3.2447)
3006,tensor(2.4489)
3007,tensor(2.6543)
3008,tensor(2.8368)
3009,tensor(3.0675)
3010,tensor(2.8171)
3011,tensor(3.7527)
3012,tensor(3.0117)
3013,tensor(2.4326)
3014,tensor(2.3091)
3015,tensor(2.3500)
3016,tensor(3.0527)
3017,tensor(1.7192)
3018,tensor(4.1944)
3019,tensor(3.7264)
3020,tensor(2.7058)
3021,tensor(2.8898)
3022,tensor(2.3190)
3023,tensor(3.3469)
3024,tensor(2.9350)
3025,tensor(2.9694)
3026,tensor(3.4278)
3027,tensor(3.2907)
3028,tensor(3.8397)
3029,tensor(2.8047)
3030,tensor(2.7139)
3031,tensor(2.1539)
3032,tensor(2.7458)
3033,tensor(2.6293)
3034,tensor(2.6072)
3035,tensor(1.8336)
3036,tensor(1.8626)
3037,tensor(2.1836)
3038,tensor(2.1441)
3039,tensor(2.7269)
3040,tensor(4.5557)
3041,tensor(1.9650)
3042,tensor(2.8877)
3043,tensor(2.4028)
3044,tensor(2.3251)
3045,tensor(2.9693)
3046,tensor(2.5411)
3047,tensor(2.2941)
3048,tensor(3.1116)
3049,tensor(3.1511)
3050,tensor(2.4695)
3051,tensor(3.0468)
3052,tensor(2.3217)
3053,tensor(3.7765)
3054,tensor(3.1851)
3055,tensor(2.4637)
3056,tensor(3.5163)
3057,tensor(3.2509)
3058,tensor(2.9246)
3059,tensor(3.2712)
3060,tensor(4.6213)
3061,tensor(5.2088)
3062,tensor(3.4778)
3063,tensor(2.5997)
3064,tensor(3.5256)
3065,tensor(1.9776)
3066,tensor(2.5682)
3067,tensor(2.7260)
3068,tensor(2.0151)
3069,tensor(1.5667)
3070,tensor(1.6473)
3071,tensor(1.9915)
3072,tensor(3.4137)
3073,tensor(4.0799)
3074,tensor(4.2905)
3075,tensor(2.3952)
3076,tensor(3.8573)
3077,tensor(3.3325)
3078,tensor(3.2784)
3079,tensor(2.2752)
3080,tensor(2.9035)
3081,tensor(1.8814)
3082,tensor(2.0087)
3083,tensor(2.9462)
3084,tensor(2.5768)
3085,tensor(1.8921)
3086,tensor(2.2964)
3087,tensor(2.4229)
3088,tensor(2.2888)
3089,tensor(3.3115)
3090,tensor(2.2084)
3091,tensor(2.6236)
3092,tensor(1.8559)
3093,tensor(2.9927)
3094,tensor(1.8972)
3095,tensor(2.4124)
3096,tensor(1.8366)
3097,tensor(1.7438)
3098,tensor(3.2279)
3099,tensor(2.2284)
3100,tensor(2.0939)
3101,tensor(2.3841)
3102,tensor(2.4203)
3103,tensor(2.8004)
3104,tensor(3.2500)
3105,tensor(1.8351)
3106,tensor(1.9214)
3107,tensor(2.4309)
3108,tensor(2.8793)
3109,tensor(2.8628)
3110,tensor(2.7799)
3111,tensor(2.6205)
3112,tensor(4.5979)
3113,tensor(2.3469)
3114,tensor(2.2144)
3115,tensor(4.6293)
3116,tensor(2.0842)
3117,tensor(2.6764)
3118,tensor(2.2028)
3119,tensor(3.2355)
3120,tensor(2.3908)
3121,tensor(4.6595)
3122,tensor(2.8628)
3123,tensor(3.0753)
3124,tensor(4.3912)
3125,tensor(3.4924)
3126,tensor(3.7595)
3127,tensor(3.2164)
3128,tensor(4.1133)
3129,tensor(2.4676)
3130,tensor(2.5445)
3131,tensor(2.7318)
3132,tensor(3.2033)
3133,tensor(2.0778)
3134,tensor(2.1379)
3135,tensor(2.7766)
3136,tensor(2.5595)
3137,tensor(2.9379)
3138,tensor(1.9337)
3139,tensor(2.5488)
3140,tensor(1.8823)
3141,tensor(3.0577)
3142,tensor(2.7333)
3143,tensor(2.6939)
3144,tensor(4.2762)
3145,tensor(2.9076)
3146,tensor(2.4379)
3147,tensor(2.6243)
3148,tensor(1.7338)
3149,tensor(2.6549)
3150,tensor(1.5690)
3151,tensor(1.7715)
3152,tensor(1.8995)
3153,tensor(1.9740)
3154,tensor(3.1088)
3155,tensor(4.1312)
3156,tensor(2.4401)
3157,tensor(3.2896)
3158,tensor(2.6731)
3159,tensor(2.7945)
3160,tensor(2.2553)
3161,tensor(2.2465)
3162,tensor(2.0665)
3163,tensor(2.7262)
3164,tensor(3.0748)
3165,tensor(3.0606)
3166,tensor(2.8356)
3167,tensor(3.2082)
3168,tensor(1.6495)
3169,tensor(1.9801)
3170,tensor(2.5016)
3171,tensor(3.0058)
3172,tensor(2.2596)
3173,tensor(2.8517)
3174,tensor(3.1382)
3175,tensor(2.5651)
3176,tensor(2.1329)
3177,tensor(3.8149)
3178,tensor(3.0084)
3179,tensor(3.6640)
3180,tensor(2.0209)
3181,tensor(2.4965)
3182,tensor(2.9234)
3183,tensor(1.7036)
3184,tensor(3.9338)
3185,tensor(2.4145)
3186,tensor(4.1880)
3187,tensor(2.0116)
3188,tensor(3.3805)
3189,tensor(3.1990)
3190,tensor(2.1307)
3191,tensor(1.4654)
3192,tensor(3.5874)
3193,tensor(2.2349)
3194,tensor(2.6904)
3195,tensor(3.2037)
3196,tensor(1.9036)
3197,tensor(2.9701)
3198,tensor(1.8720)
3199,tensor(2.3713)
3200,tensor(2.9622)
3201,tensor(2.2322)
3202,tensor(2.7054)
3203,tensor(3.3929)
3204,tensor(2.3420)
3205,tensor(2.8921)
3206,tensor(2.8336)
3207,tensor(3.2283)
3208,tensor(2.2868)
3209,tensor(2.4025)
3210,tensor(2.6495)
3211,tensor(2.5357)
3212,tensor(2.0244)
3213,tensor(1.6956)
3214,tensor(3.3712)
3215,tensor(3.0535)
3216,tensor(2.4544)
3217,tensor(2.3764)
3218,tensor(2.6395)
3219,tensor(2.3216)
3220,tensor(2.3903)
3221,tensor(2.5497)
3222,tensor(2.1266)
3223,tensor(2.6517)
3224,tensor(3.0085)
3225,tensor(3.3735)
3226,tensor(2.6364)
3227,tensor(2.5758)
3228,tensor(1.5548)
3229,tensor(2.4471)
3230,tensor(1.8032)
3231,tensor(2.8424)
3232,tensor(2.7597)
3233,tensor(2.3427)
3234,tensor(2.2230)
3235,tensor(1.8119)
3236,tensor(2.8296)
3237,tensor(1.8025)
3238,tensor(1.6832)
3239,tensor(4.5680)
3240,tensor(2.6411)
3241,tensor(3.0402)
3242,tensor(1.8303)
3243,tensor(2.8610)
3244,tensor(2.8208)
3245,tensor(2.7688)
3246,tensor(2.5083)
3247,tensor(1.7397)
3248,tensor(2.2000)
3249,tensor(3.9244)
3250,tensor(3.8984)
3251,tensor(2.9984)
3252,tensor(3.8407)
3253,tensor(3.1944)
3254,tensor(3.9485)
3255,tensor(2.9035)
3256,tensor(2.8581)
3257,tensor(3.3010)
3258,tensor(3.7876)
3259,tensor(2.5662)
3260,tensor(3.1906)
3261,tensor(2.8487)
3262,tensor(2.8960)
3263,tensor(3.7696)
3264,tensor(2.0819)
3265,tensor(2.9953)
3266,tensor(4.8832)
3267,tensor(2.0256)
3268,tensor(3.4721)
3269,tensor(2.4642)
3270,tensor(3.4061)
3271,tensor(2.3619)
3272,tensor(3.0783)
3273,tensor(2.5241)
3274,tensor(2.1647)
3275,tensor(2.0972)
3276,tensor(7.5890)
3277,tensor(3.0637)
3278,tensor(2.8151)
3279,tensor(2.1029)
3280,tensor(1.8838)
3281,tensor(2.3850)
3282,tensor(3.4833)
3283,tensor(2.2345)
3284,tensor(1.9262)
3285,tensor(1.8657)
3286,tensor(3.1235)
3287,tensor(2.7386)
3288,tensor(2.4730)
3289,tensor(2.2418)
3290,tensor(3.3754)
3291,tensor(2.1442)
3292,tensor(3.2974)
3293,tensor(2.0455)
3294,tensor(2.1167)
3295,tensor(3.5485)
3296,tensor(3.4248)
3297,tensor(3.5705)
3298,tensor(2.0654)
3299,tensor(2.5261)
3300,tensor(1.8878)
3301,tensor(2.3400)
3302,tensor(2.3691)
3303,tensor(3.5967)
3304,tensor(2.8762)
3305,tensor(3.4931)
3306,tensor(3.5074)
3307,tensor(3.0891)
3308,tensor(2.5878)
3309,tensor(2.0358)
3310,tensor(1.6780)
3311,tensor(3.2835)
3312,tensor(3.0051)
3313,tensor(2.4967)
3314,tensor(3.6390)
3315,tensor(2.7871)
3316,tensor(2.9539)
3317,tensor(2.5304)
3318,tensor(2.2832)
3319,tensor(2.6687)
3320,tensor(2.2995)
3321,tensor(2.3799)
3322,tensor(2.9736)
3323,tensor(2.3078)
3324,tensor(2.5159)
3325,tensor(2.3441)
3326,tensor(1.7342)
3327,tensor(3.5687)
3328,tensor(3.1815)
3329,tensor(4.4918)
3330,tensor(5.5282)
3331,tensor(2.5737)
3332,tensor(2.3564)
3333,tensor(3.0848)
3334,tensor(2.5556)
3335,tensor(1.7990)
3336,tensor(4.9811)
3337,tensor(2.1482)
3338,tensor(3.0293)
3339,tensor(1.9556)
3340,tensor(1.6335)
3341,tensor(2.3378)
3342,tensor(3.7332)
3343,tensor(2.0327)
3344,tensor(2.6906)
3345,tensor(2.2179)
3346,tensor(3.3239)
3347,tensor(1.9321)
3348,tensor(2.4256)
3349,tensor(2.7280)
3350,tensor(2.9998)
3351,tensor(4.6472)
3352,tensor(1.7421)
3353,tensor(5.0969)
3354,tensor(3.2289)
3355,tensor(2.2712)
3356,tensor(3.3018)
3357,tensor(3.1370)
3358,tensor(3.2195)
3359,tensor(2.8922)
3360,tensor(3.6363)
3361,tensor(2.8361)
3362,tensor(2.6059)
3363,tensor(3.3028)
3364,tensor(2.4805)
3365,tensor(2.2618)
3366,tensor(3.4591)
3367,tensor(2.2259)
3368,tensor(1.7755)
3369,tensor(2.4620)
3370,tensor(1.9148)
3371,tensor(2.0878)
3372,tensor(2.9871)
3373,tensor(2.5319)
3374,tensor(1.9568)
3375,tensor(2.8658)
3376,tensor(2.4705)
3377,tensor(2.6865)
3378,tensor(1.9695)
3379,tensor(2.4343)
3380,tensor(1.9871)
3381,tensor(1.8200)
3382,tensor(3.0944)
3383,tensor(2.1645)
3384,tensor(3.6559)
3385,tensor(3.2467)
3386,tensor(2.4790)
3387,tensor(2.1000)
3388,tensor(2.2653)
3389,tensor(2.0710)
3390,tensor(2.9640)
3391,tensor(1.5454)
3392,tensor(2.4941)
3393,tensor(3.1435)
3394,tensor(2.9857)
3395,tensor(2.4557)
3396,tensor(1.9374)
3397,tensor(3.0920)
3398,tensor(2.3266)
3399,tensor(2.3627)
3400,tensor(3.1871)
3401,tensor(2.1162)
3402,tensor(2.0432)
3403,tensor(2.5298)
3404,tensor(2.3955)
3405,tensor(1.6677)
3406,tensor(2.6838)
3407,tensor(2.1985)
3408,tensor(3.2724)
3409,tensor(3.2350)
3410,tensor(3.0221)
3411,tensor(2.4759)
3412,tensor(3.0764)
3413,tensor(1.8384)
3414,tensor(2.0623)
3415,tensor(2.9331)
3416,tensor(2.1866)
3417,tensor(2.6377)
3418,tensor(3.8346)
3419,tensor(2.0714)
3420,tensor(2.3671)
3421,tensor(2.4539)
3422,tensor(2.5093)
3423,tensor(2.4206)
3424,tensor(2.3828)
3425,tensor(4.6676)
3426,tensor(2.8629)
3427,tensor(4.2399)
3428,tensor(4.0563)
3429,tensor(2.7855)
3430,tensor(1.9849)
3431,tensor(2.6221)
3432,tensor(5.0380)
3433,tensor(2.2143)
3434,tensor(2.7927)
3435,tensor(1.9001)
3436,tensor(2.7991)
3437,tensor(2.0264)
3438,tensor(2.1731)
3439,tensor(3.1661)
3440,tensor(1.8079)
3441,tensor(1.7667)
3442,tensor(2.1575)
3443,tensor(3.9340)
3444,tensor(2.7303)
3445,tensor(3.8873)
3446,tensor(2.3373)
3447,tensor(2.4377)
3448,tensor(2.9984)
3449,tensor(1.5853)
3450,tensor(2.7943)
3451,tensor(2.2893)
3452,tensor(3.5205)
3453,tensor(2.0948)
3454,tensor(2.3246)
3455,tensor(5.0916)
3456,tensor(2.3474)
3457,tensor(2.0192)
3458,tensor(1.8553)
3459,tensor(1.9161)
3460,tensor(1.9966)
3461,tensor(2.3221)
3462,tensor(2.1019)
3463,tensor(2.4456)
3464,tensor(2.3383)
3465,tensor(2.3951)
3466,tensor(3.1818)
3467,tensor(3.0650)
3468,tensor(2.5210)
3469,tensor(2.9579)
3470,tensor(3.4393)
3471,tensor(3.1084)
3472,tensor(2.5734)
3473,tensor(2.6068)
3474,tensor(2.9074)
3475,tensor(2.0877)
3476,tensor(1.6612)
3477,tensor(3.6900)
3478,tensor(2.5151)
3479,tensor(2.4727)
3480,tensor(1.6992)
3481,tensor(1.8030)
3482,tensor(1.8258)
3483,tensor(4.0729)
3484,tensor(2.1449)
3485,tensor(1.7496)
3486,tensor(2.3512)
3487,tensor(2.6870)
3488,tensor(2.1087)
3489,tensor(2.6619)
3490,tensor(2.9005)
3491,tensor(2.4577)
3492,tensor(2.6337)
3493,tensor(2.5333)
3494,tensor(2.4731)
3495,tensor(2.5513)
3496,tensor(2.1778)
3497,tensor(2.5714)
3498,tensor(2.2069)
3499,tensor(2.4780)
3500,tensor(2.3899)
3501,tensor(3.4958)
3502,tensor(2.1943)
3503,tensor(2.5412)
3504,tensor(2.6452)
3505,tensor(2.7728)
3506,tensor(1.9481)
3507,tensor(3.0982)
3508,tensor(2.3730)
3509,tensor(3.2682)
3510,tensor(2.2937)
3511,tensor(2.3922)
3512,tensor(2.1098)
3513,tensor(2.2864)
3514,tensor(2.2685)
3515,tensor(4.1242)
3516,tensor(2.9298)
3517,tensor(2.3300)
3518,tensor(2.5433)
3519,tensor(2.9623)
3520,tensor(2.4568)
3521,tensor(3.0934)
3522,tensor(2.1034)
3523,tensor(2.6869)
3524,tensor(2.5288)
3525,tensor(3.5310)
3526,tensor(2.0814)
3527,tensor(3.0838)
3528,tensor(2.2740)
3529,tensor(3.6881)
3530,tensor(1.8630)
3531,tensor(1.9751)
3532,tensor(2.3172)
3533,tensor(3.1740)
3534,tensor(2.3120)
3535,tensor(3.2238)
3536,tensor(2.4714)
3537,tensor(2.5625)
3538,tensor(3.3706)
3539,tensor(3.1555)
3540,tensor(2.9245)
3541,tensor(3.4211)
3542,tensor(2.6437)
3543,tensor(1.3150)
3544,tensor(2.4504)
3545,tensor(2.5993)
3546,tensor(3.0930)
3547,tensor(2.9375)
3548,tensor(1.6021)
3549,tensor(4.4085)
3550,tensor(2.2987)
3551,tensor(2.0358)
3552,tensor(2.1302)
3553,tensor(3.0354)
3554,tensor(3.6164)
3555,tensor(2.4143)
3556,tensor(2.8805)
3557,tensor(2.8273)
3558,tensor(2.5230)
3559,tensor(2.1197)
3560,tensor(2.6630)
3561,tensor(3.1801)
3562,tensor(2.9559)
3563,tensor(3.6692)
3564,tensor(3.2620)
3565,tensor(1.7773)
3566,tensor(2.5552)
3567,tensor(1.8160)
3568,tensor(3.8593)
3569,tensor(2.7476)
3570,tensor(2.9382)
3571,tensor(3.1590)
3572,tensor(1.5678)
3573,tensor(2.6907)
3574,tensor(2.0866)
3575,tensor(2.4559)
3576,tensor(1.8859)
3577,tensor(2.5838)
3578,tensor(3.2263)
3579,tensor(2.2378)
3580,tensor(2.8525)
3581,tensor(2.3717)
3582,tensor(2.0554)
3583,tensor(2.8911)
3584,tensor(2.4274)
3585,tensor(4.0308)
3586,tensor(3.6174)
3587,tensor(1.9733)
3588,tensor(1.6668)
3589,tensor(2.4834)
3590,tensor(3.8102)
3591,tensor(3.7977)
3592,tensor(3.1405)
3593,tensor(3.9312)
3594,tensor(2.6348)
3595,tensor(3.0104)
3596,tensor(2.6308)
3597,tensor(3.7400)
3598,tensor(2.4558)
3599,tensor(4.2389)
3600,tensor(2.4497)
3601,tensor(2.7647)
3602,tensor(2.5582)
3603,tensor(1.6245)
3604,tensor(2.4189)
3605,tensor(1.9065)
3606,tensor(1.7550)
3607,tensor(5.0257)
3608,tensor(2.3609)
3609,tensor(3.1687)
3610,tensor(2.5411)
3611,tensor(1.9147)
3612,tensor(2.1656)
3613,tensor(2.8605)
3614,tensor(2.2928)
3615,tensor(2.8737)
3616,tensor(1.7646)
3617,tensor(4.0283)
3618,tensor(2.5310)
3619,tensor(2.0362)
3620,tensor(2.3696)
3621,tensor(2.2967)
3622,tensor(2.0533)
3623,tensor(2.2142)
3624,tensor(1.5743)
3625,tensor(2.4258)
3626,tensor(1.9530)
3627,tensor(2.5434)
3628,tensor(3.2711)
3629,tensor(3.4780)
3630,tensor(8.2400)
3631,tensor(2.0453)
3632,tensor(3.4459)
3633,tensor(2.6750)
3634,tensor(1.7691)
3635,tensor(2.7530)
3636,tensor(5.3837)
3637,tensor(3.6664)
3638,tensor(3.3895)
3639,tensor(2.9968)
3640,tensor(2.2712)
3641,tensor(2.8209)
3642,tensor(2.8036)
3643,tensor(4.2740)
3644,tensor(2.6601)
3645,tensor(1.7983)
3646,tensor(2.3661)
3647,tensor(3.6365)
3648,tensor(2.0138)
3649,tensor(2.3106)
3650,tensor(2.0330)
3651,tensor(2.8752)
3652,tensor(3.1124)
3653,tensor(2.2259)
3654,tensor(1.6369)
3655,tensor(3.7900)
3656,tensor(2.1816)
3657,tensor(1.8584)
3658,tensor(2.2835)
3659,tensor(4.1300)
3660,tensor(1.9616)
3661,tensor(2.4489)
3662,tensor(2.9731)
3663,tensor(4.2653)
3664,tensor(3.9576)
3665,tensor(2.6290)
3666,tensor(2.9909)
3667,tensor(3.0448)
3668,tensor(3.4861)
3669,tensor(2.8954)
3670,tensor(1.8522)
3671,tensor(2.4293)
3672,tensor(2.2449)
3673,tensor(2.1560)
3674,tensor(2.5445)
3675,tensor(2.3450)
3676,tensor(3.2428)
3677,tensor(2.2063)
3678,tensor(3.5418)
3679,tensor(2.5026)
3680,tensor(3.6071)
3681,tensor(2.6987)
3682,tensor(2.6034)
3683,tensor(4.4585)
3684,tensor(2.3360)
3685,tensor(2.4356)
3686,tensor(2.0566)
3687,tensor(5.9504)
3688,tensor(2.5236)
3689,tensor(2.5698)
3690,tensor(3.4363)
3691,tensor(3.0903)
3692,tensor(2.3555)
3693,tensor(2.2689)
3694,tensor(3.4192)
3695,tensor(2.6120)
3696,tensor(3.9347)
3697,tensor(2.3448)
3698,tensor(3.3967)
3699,tensor(4.6284)
3700,tensor(2.2733)
3701,tensor(2.5285)
3702,tensor(2.2860)
3703,tensor(2.7577)
3704,tensor(3.9491)
3705,tensor(2.5005)
3706,tensor(3.3521)
3707,tensor(1.7881)
3708,tensor(2.3232)
3709,tensor(2.6317)
3710,tensor(3.7686)
3711,tensor(3.6973)
3712,tensor(1.7564)
3713,tensor(2.0481)
3714,tensor(2.1579)
3715,tensor(3.3800)
3716,tensor(3.4993)
3717,tensor(2.6160)
3718,tensor(3.6394)
3719,tensor(2.3143)
3720,tensor(3.5014)
3721,tensor(2.2147)
3722,tensor(2.5641)
3723,tensor(2.2902)
3724,tensor(2.8924)
3725,tensor(3.2702)
3726,tensor(2.9144)
3727,tensor(2.1989)
3728,tensor(2.7074)
3729,tensor(1.9234)
3730,tensor(3.0375)
3731,tensor(2.5766)
3732,tensor(3.3174)
3733,tensor(3.2721)
3734,tensor(3.2883)
3735,tensor(4.2120)
3736,tensor(2.7762)
3737,tensor(2.5549)
3738,tensor(2.1366)
3739,tensor(2.9627)
3740,tensor(2.5244)
3741,tensor(2.1592)
3742,tensor(2.6142)
3743,tensor(2.6844)
3744,tensor(2.9722)
3745,tensor(3.4461)
3746,tensor(3.6518)
3747,tensor(2.0192)
3748,tensor(2.2860)
3749,tensor(2.1719)
3750,tensor(1.7909)
3751,tensor(2.0496)
3752,tensor(1.8824)
3753,tensor(2.2518)
3754,tensor(1.9128)
3755,tensor(2.1435)
3756,tensor(1.6071)
3757,tensor(2.3843)
3758,tensor(2.1452)
3759,tensor(2.2096)
3760,tensor(3.6946)
3761,tensor(2.6692)
3762,tensor(2.1715)
3763,tensor(5.2259)
3764,tensor(2.8424)
3765,tensor(2.2063)
3766,tensor(2.1189)
3767,tensor(1.8345)
3768,tensor(2.6516)
3769,tensor(3.2640)
3770,tensor(2.3635)
3771,tensor(2.1461)
3772,tensor(2.5011)
3773,tensor(3.5338)
3774,tensor(2.0535)
3775,tensor(1.9013)
3776,tensor(1.9202)
3777,tensor(2.6752)
3778,tensor(2.5932)
3779,tensor(3.4277)
3780,tensor(2.1148)
3781,tensor(3.2471)
3782,tensor(6.9008)
3783,tensor(2.4625)
3784,tensor(1.6642)
3785,tensor(2.8250)
3786,tensor(1.7337)
3787,tensor(4.2165)
3788,tensor(2.4441)
3789,tensor(2.7727)
3790,tensor(1.4839)
3791,tensor(3.5556)
3792,tensor(3.4339)
3793,tensor(3.7802)
3794,tensor(2.9176)
3795,tensor(2.2673)
3796,tensor(2.1310)
3797,tensor(2.4578)
3798,tensor(2.1698)
3799,tensor(2.1545)
3800,tensor(2.9061)
3801,tensor(2.8573)
3802,tensor(2.3871)
3803,tensor(3.0978)
3804,tensor(3.3244)
3805,tensor(2.6745)
3806,tensor(2.1073)
3807,tensor(3.2808)
3808,tensor(1.8067)
3809,tensor(2.9937)
3810,tensor(2.8716)
3811,tensor(2.1062)
3812,tensor(3.4491)
3813,tensor(3.3103)
3814,tensor(2.4466)
3815,tensor(2.1140)
3816,tensor(2.3172)
3817,tensor(2.1204)
3818,tensor(2.5655)
3819,tensor(2.4110)
3820,tensor(3.5981)
3821,tensor(4.1080)
3822,tensor(2.5287)
3823,tensor(2.5568)
3824,tensor(2.2469)
3825,tensor(4.1955)
3826,tensor(2.0513)
3827,tensor(2.9012)
3828,tensor(2.8557)
3829,tensor(3.0828)
3830,tensor(2.6215)
3831,tensor(2.4877)
3832,tensor(3.2460)
3833,tensor(2.5754)
3834,tensor(3.1410)
3835,tensor(2.5679)
3836,tensor(2.0410)
3837,tensor(2.6804)
3838,tensor(2.1337)
3839,tensor(3.1133)
3840,tensor(3.5856)
3841,tensor(3.1513)
3842,tensor(1.9671)
3843,tensor(2.9658)
3844,tensor(3.5098)
3845,tensor(1.9136)
3846,tensor(2.8035)
3847,tensor(2.0085)
3848,tensor(2.0334)
3849,tensor(2.7111)
3850,tensor(3.0779)
3851,tensor(2.2981)
3852,tensor(2.8884)
3853,tensor(2.1290)
3854,tensor(2.0851)
3855,tensor(2.5347)
3856,tensor(3.7608)
3857,tensor(2.7035)
3858,tensor(1.6773)
3859,tensor(2.7587)
3860,tensor(2.4958)
3861,tensor(2.9577)
3862,tensor(2.5964)
3863,tensor(1.7375)
3864,tensor(2.0125)
3865,tensor(1.9866)
3866,tensor(2.1322)
3867,tensor(2.9516)
3868,tensor(2.7005)
3869,tensor(2.8175)
3870,tensor(3.5150)
3871,tensor(2.7662)
3872,tensor(3.5921)
3873,tensor(2.0652)
3874,tensor(2.0391)
3875,tensor(1.6866)
3876,tensor(2.1131)
3877,tensor(2.6492)
3878,tensor(3.8082)
3879,tensor(2.8557)
3880,tensor(3.5658)
3881,tensor(2.9144)
3882,tensor(2.5284)
3883,tensor(4.7244)
3884,tensor(2.5004)
3885,tensor(3.7443)
3886,tensor(4.0835)
3887,tensor(2.7770)
3888,tensor(2.2800)
3889,tensor(1.6626)
3890,tensor(1.9315)
3891,tensor(2.3778)
3892,tensor(4.4660)
3893,tensor(2.7120)
3894,tensor(2.0928)
3895,tensor(2.0291)
3896,tensor(2.2663)
3897,tensor(2.6082)
3898,tensor(1.8580)
3899,tensor(3.1327)
3900,tensor(3.1952)
3901,tensor(1.8611)
3902,tensor(2.7572)
3903,tensor(1.9060)
3904,tensor(1.6442)
3905,tensor(3.2273)
3906,tensor(2.5966)
3907,tensor(3.5619)
3908,tensor(3.5570)
3909,tensor(2.7915)
3910,tensor(5.0509)
3911,tensor(2.5349)
3912,tensor(2.8399)
3913,tensor(2.4803)
3914,tensor(2.7385)
3915,tensor(3.2853)
3916,tensor(2.5155)
3917,tensor(2.4991)
3918,tensor(2.6527)
3919,tensor(2.1964)
3920,tensor(2.1125)
3921,tensor(2.3214)
3922,tensor(3.2534)
3923,tensor(3.1077)
3924,tensor(2.7917)
3925,tensor(1.7204)
3926,tensor(2.9771)
3927,tensor(2.2100)
3928,tensor(2.6005)
3929,tensor(2.5971)
3930,tensor(1.9102)
3931,tensor(2.8461)
3932,tensor(4.3025)
3933,tensor(2.2300)
3934,tensor(3.7238)
3935,tensor(3.2352)
3936,tensor(2.6884)
3937,tensor(2.5132)
3938,tensor(1.9643)
3939,tensor(2.9810)
3940,tensor(1.8312)
3941,tensor(1.9063)
3942,tensor(2.1957)
3943,tensor(3.3754)
3944,tensor(2.6978)
3945,tensor(2.9350)
3946,tensor(4.5709)
3947,tensor(2.1605)
3948,tensor(3.3531)
3949,tensor(1.9619)
3950,tensor(2.7848)
3951,tensor(4.0550)
3952,tensor(3.3409)
3953,tensor(2.3981)
3954,tensor(2.3856)
3955,tensor(1.7057)
3956,tensor(1.8181)
3957,tensor(2.8016)
3958,tensor(3.8017)
3959,tensor(2.2072)
3960,tensor(2.0772)
3961,tensor(2.6484)
3962,tensor(2.2986)
3963,tensor(3.4810)
3964,tensor(2.2994)
3965,tensor(1.9531)
3966,tensor(1.9909)
3967,tensor(3.2747)
3968,tensor(2.3065)
3969,tensor(2.3897)
3970,tensor(2.1824)
3971,tensor(3.8861)
3972,tensor(2.4986)
3973,tensor(3.4001)
3974,tensor(1.8685)
3975,tensor(4.4255)
3976,tensor(4.0298)
3977,tensor(2.1136)
3978,tensor(1.9220)
3979,tensor(3.6340)
3980,tensor(3.6048)
3981,tensor(4.8042)
3982,tensor(3.0643)
3983,tensor(2.5250)
3984,tensor(2.2521)
3985,tensor(2.3849)
3986,tensor(2.3140)
3987,tensor(2.0973)
3988,tensor(2.1950)
3989,tensor(2.3863)
3990,tensor(2.8565)
3991,tensor(2.4302)
3992,tensor(2.4513)
3993,tensor(2.2575)
3994,tensor(3.0714)
3995,tensor(2.7767)
3996,tensor(2.2248)
3997,tensor(2.6594)
3998,tensor(2.4272)
3999,tensor(3.3712)
4000,tensor(2.1561)
4001,tensor(3.1278)
4002,tensor(2.3834)
4003,tensor(2.2358)
4004,tensor(1.8477)
4005,tensor(1.4760)
4006,tensor(2.3399)
4007,tensor(1.7873)
4008,tensor(2.1539)
4009,tensor(3.0640)
4010,tensor(1.9054)
4011,tensor(2.9503)
4012,tensor(2.2406)
4013,tensor(2.0533)
4014,tensor(3.0231)
4015,tensor(2.6101)
4016,tensor(3.6675)
4017,tensor(2.4789)
4018,tensor(3.2186)
4019,tensor(1.8167)
4020,tensor(2.0588)
4021,tensor(2.8875)
4022,tensor(3.6819)
4023,tensor(4.0492)
4024,tensor(1.9945)
4025,tensor(2.5539)
4026,tensor(3.2172)
4027,tensor(3.3341)
4028,tensor(2.3441)
4029,tensor(4.0864)
4030,tensor(4.2855)
4031,tensor(2.7195)
4032,tensor(2.8380)
